ID	Year_Birth	Education	Marital_Status	Income	Kidhome	Teenhome	Dt_Customer	Recency	MntWines	MntFruits	MntMeatProducts	MntFishProducts	MntSweetProducts	MntGoldProds	NumDealsPurchases	NumWebPurchases	NumCatalogPurchases	NumStorePurchases	NumWebVisitsMonth	AcceptedCmp3	AcceptedCmp4	AcceptedCmp5	AcceptedCmp1	AcceptedCmp2	Complain	Z_CostContact	Z_Revenue	Response
1	1990	Master	Single	0.0	0	0	01-01-2020	30	51000.0	17000.0	34000.0	25500.0	17000.0	25500.0	1	1	0	1	1	0	0	0	0	0	0	3	11	1
2	1990	Master	Single	0.0	0	0	01-01-2020	30	28500.0	9500.0	19000.0	14250.0	9500.0	14250.0	1	1	0	1	1	0	0	0	0	0	0	3	11	1
3	1990	Master	Single	2000000000.0	0	0	01-01-2020	30	108000.0	36000.0	72000.0	54000.0	36000.0	54000.0	2	4	2	2	6	0	0	0	0	0	0	3	11	1
4	1990	Master	Single	0.0	0	0	01-01-2020	30	26.47	0.0	5.14	20.29	9.52	34.23	0	0	0	0	1	0	0	0	0	0	0	3	11	0
5	1990	Master	Single	1000000000.0	1	2	01-01-2020	30	256500.0	85500.0	171000.0	128250.0	85500.0	128250.0	5	5	2	5	6	0	0	0	0	0	0	3	11	1
6	1990	Master	Single	2000000.0	0	0	01-01-2020	30	19.34	2.68	13.54	9.33	7.79	5.0	0	0	0	0	1	0	0	0	0	0	0	3	11	0
7	1990	Graduation	Single	0.0	0	0	01-01-2020	30	36.19	11.25	20.0	8.27	6.06	9.77	0	1	0	0	2	0	0	0	0	0	0	3	11	0
8	1990	Master	Single	500000000.0	0	0	01-01-2020	30	155.06	49.46	240.83	95.83	44.91	357.45	0	0	0	0	1	0	0	0	0	0	0	3	11	0
9	1990	Master	Single	0.0	0	0	01-01-2020	30	34.01	18.24	36.68	9.16	12.26	14.84	0	0	0	0	1	0	0	0	0	0	0	3	11	0
10	1990	Master	Single	1000000000.0	0	0	01-01-2020	30	334.31	84.93	409.88	228.07	210.98	10.64	0	1	0	0	2	0	0	0	0	0	0	3	11	0
11	1990	Master	Single	1000000.0	0	0	01-01-2020	30	147000.0	49000.0	98000.0	73500.0	49000.0	73500.0	3	3	1	3	3	0	0	0	0	0	0	3	11	1
12	1990	Master	Single	0.0	0	0	01-01-2020	30	42.08	12.47	2.0	20.52	11.45	20.72	0	2	1	0	5	0	0	0	0	0	0	3	11	0
13	1990	Master	Single	70000000.0	5	5	01-01-2020	30	45000.0	15000.0	30000.0	22500.0	15000.0	22500.0	1	1	0	1	2	0	0	0	0	0	0	3	11	1
14	1990	Master	Single	50000000.0	0	0	01-01-2020	30	57000.0	19000.0	38000.0	28500.0	19000.0	28500.0	1	0	0	1	0	0	0	0	0	0	0	3	11	1
15	1990	Master	Single	50000000.0	0	0	01-01-2020	30	16.95	29.45	81.76	36.59	18.28	12.05	0	1	0	0	2	0	0	0	0	0	0	3	11	0
16	1990	Master	Married	10000000.0	0	0	01-01-2020	30	60000.0	20000.0	40000.0	30000.0	20000.0	30000.0	1	0	0	1	0	0	0	0	0	0	0	3	11	1
17	1990	Master	Single	2000000.0	0	0	01-01-2020	30	45000.0	15000.0	30000.0	22500.0	15000.0	22500.0	1	1	0	1	2	0	0	0	0	0	0	3	11	1
18	1990	Master	Single	0.0	0	0	01-01-2020	30	33000.0	11000.0	22000.0	16500.0	11000.0	16500.0	1	0	0	1	0	0	0	0	0	0	0	3	11	1
19	1990	Master	Single	0.0	0	0	01-01-2020	30	32.95	11.41	14.9	19.38	10.96	11.37	0	0	0	0	1	0	0	0	0	0	0	3	11	0
20	1990	Master	Single	50000000.0	0	0	01-01-2020	30	29.08	18.05	52.94	28.94	33.18	31.5	0	2	1	0	4	0	0	0	0	0	0	3	11	0
21	1990	Master	Single	0.0	0	0	01-01-2020	30	45000.0	15000.0	30000.0	22500.0	15000.0	22500.0	1	0	0	1	0	0	0	0	0	0	0	3	11	1
22	1990	Basic	Single	0.0	0	0	01-01-2020	30	23.71	15.43	8.28	21.07	10.44	0.0	0	0	0	0	1	0	0	0	0	0	0	3	11	0
23	1990	Master	Single	100000000.0	0	0	01-01-2020	30	67.84	29.95	105.76	51.07	63.95	18.4	0	0	0	0	1	0	0	0	0	0	0	3	11	0
24	1990	Master	Single	0.0	0	0	01-01-2020	30	42.76	13.76	11.62	27.79	9.09	9.58	0	0	0	0	1	0	0	0	0	0	0	3	11	0
25	1990			0.0	0	0	01-01-2020	30	45000.0	15000.0	30000.0	22500.0	15000.0	22500.0	1	2	1	1	3	0	0	0	0	0	0	3	11	1
26	1990	Master	Single	200000000.0	0	0	01-01-2020	30	54000.0	18000.0	36000.0	27000.0	18000.0	27000.0	1	1	0	1	1	0	0	0	0	0	0	3	11	1
27	1990	Master	Single	0.0	0	0	01-01-2020	30	34.27	9.11	17.84	14.09	0.84	18.55	0	0	0	0	1	0	0	0	0	0	0	3	11	0
28	1990	Master	Single	0.0	0	0	01-01-2020	30	6.62	18.21	0.0	13.66	10.39	3.23	0	1	0	0	2	0	0	0	0	0	0	3	11	0
29	1990	Basic	Single	100000000.0	1	1	01-01-2020	30	185.96	29.74	88.36	103.33	60.68	108.15	0	0	0	0	1	0	0	0	0	0	0	3	11	0
30	1990	Master	Single	10000000.0	0	0	01-01-2020	30	16.8	2.98	13.79	6.35	4.51	0.44	0	1	0	0	2	0	0	0	0	0	0	3	11	0
31	1990	Master	Single	4000000.0	0	0	01-01-2020	30	16.44	7.99	3.87	6.54	4.54	12.81	0	0	0	0	1	0	0	0	0	0	0	3	11	0
32	1990	Master	Single	5000000.0	0	0	01-01-2020	30	33000.0	11000.0	22000.0	16500.0	11000.0	16500.0	1	1	0	1	1	0	0	0	0	0	0	3	11	1
33	1990	Master	Single	120000000.0	0	0	01-01-2020	30	28500.0	9500.0	19000.0	14250.0	9500.0	14250.0	1	1	0	1	1	0	0	0	0	0	0	3	11	1
34	1990	Master	Single	0.0	0	0	01-01-2020	30	25.65	12.16	26.59	17.4	4.75	2.93	0	0	0	0	1	0	0	0	0	0	0	3	11	0
35	1990	Master	Married	500000000.0	0	0	01-01-2020	30	214.96	76.85	106.58	87.69	169.42	144.08	0	0	0	0	1	0	0	0	0	0	0	3	11	0
36	1990	Master	Single	10000000.0	0	0	01-01-2020	30	13.04	5.18	12.14	9.69	4.97	6.56	0	0	0	0	1	0	0	0	0	0	0	3	11	0
37	1990	PhD	Married	296000000.0	1	0	01-01-2020	30	282.18	160.04	232.25	195.03	92.8	197.04	0	0	0	0	1	0	0	0	0	0	0	3	11	0
38	1990	Master	Single	5000000.0	0	0	01-01-2020	30	2.94	4.74	3.15	6.89	4.94	13.22	0	1	0	0	2	0	0	0	0	0	0	3	11	0
39	1990	Master	Single	0.0	0	0	01-01-2020	30	51000.0	17000.0	34000.0	25500.0	17000.0	25500.0	1	0	0	1	0	0	0	0	0	0	0	3	11	1
40	1990	Master	Single	0.0	0	0	01-01-2020	30	36000.0	12000.0	24000.0	18000.0	12000.0	18000.0	1	0	0	1	0	0	0	0	0	0	0	3	11	1
41	1990	Master	Single	0.0	0	0	01-01-2020	30	13.23	5.58	29.16	17.25	6.53	10.66	0	1	0	0	2	0	0	0	0	0	0	3	11	0
42	1990	Master	Single	1000000000.0	0	0	01-01-2020	30	302.69	100.35	355.08	68.92	124.58	90.56	0	0	0	0	1	0	0	0	0	0	0	3	11	0
43	1990	Master	Single	100000000.0	0	0	01-01-2020	30	39.36	15.18	110.37	124.25	45.78	51.17	0	0	0	0	1	0	0	0	0	0	0	3	11	0
44	1990	2n Cycle	Single	33000000.0	0	0	01-01-2020	30	61.93	29.32	82.67	32.84	22.1	22.17	0	0	0	0	1	0	0	0	0	0	0	3	11	0
45	1990	Master	Single	0.0	0	0	01-01-2020	30	29.32	15.4	13.73	18.42	12.14	7.25	0	0	0	0	1	0	0	0	0	0	0	3	11	0
46	1990	Master	Single	0.0	0	0	01-01-2020	30	13.01	3.86	10.57	5.88	8.67	9.62	0	0	0	0	1	0	0	0	0	0	0	3	11	0
47	1990	Master	Single	4000000.0	0	0	01-01-2020	30	43500.0	14500.0	29000.0	21750.0	14500.0	21750.0	1	1	0	1	2	0	0	0	0	0	0	3	11	1
48	1990	Master	Single	10000000.0	0	0	01-01-2020	30	17.26	2.25	17.43	3.12	6.0	11.61	0	1	0	0	2	0	0	0	0	0	0	3	11	0
49	1990	Master	Single	2000000.0	0	0	01-01-2020	30	24.82	1.1	10.09	6.03	5.06	7.29	0	0	0	0	1	0	0	0	0	0	0	3	11	0
50	1990	Master	Single	35301539.506897435	0	2	01-01-2020	30	49939.26	16646.42	33292.84	24969.63	16646.42	24969.63	2	2	1	2	2	0	0	0	0	0	0	3	11	1
51	1990	Master	Married	11733795.541723998	0	0	01-01-2020	30	6.81	2.97	8.63	7.33	8.46	5.63	0	1	0	0	3	0	0	0	0	0	0	3	11	0
52	1990	Master	Single	0.0	5	0	01-01-2020	30	36.28	12.94	14.39	9.81	16.13	12.58	0	2	1	0	4	0	0	0	0	0	0	3	11	0
53	1990	Master	Single	1191027636.8149257	1	0	01-01-2020	30	336.52	108.35	126.49	176.43	40.3	256.84	0	0	0	0	1	0	0	0	0	0	0	3	11	0
54	1990	Master	Single	0.0	0	0	01-01-2020	30	39756.7	13252.23	26504.46	19878.35	13252.23	19878.35	3	3	1	3	3	0	0	0	0	0	0	3	11	1
55	1990	Master	Single	1990417140.9329257	0	0	01-01-2020	30	41684.72	13894.91	27789.81	20842.36	13894.91	20842.36	1	2	1	1	3	0	0	0	0	0	0	3	11	1
56	1990	Master	Single	3575245.688173389	0	0	01-01-2020	30	12626.99	4209.0	8417.99	6313.49	4209.0	6313.49	1	2	1	1	3	0	0	0	0	0	0	3	11	1
57	1990	Master	Single	0.0	0	0	01-01-2020	30	106770.71	35590.24	71180.48	53385.36	35590.24	53385.36	4	2	1	4	0	0	0	0	0	0	0	3	11	1
58	1990	Master	Single	0.0	0	0	01-01-2020	30	39.23	11.5	18.1	11.03	8.33	22.94	0	1	0	0	3	0	0	0	0	0	0	3	11	0
59	1990	Master	Single	1066676291.0431195	0	2	01-01-2020	30	58920.26	19640.09	39280.17	29460.13	19640.09	29460.13	1	1	0	1	2	0	0	0	0	0	0	3	11	1
60	1990	Master	Single	5720474.654276321	0	0	01-01-2020	30	22956.14	7652.04	15304.09	11478.07	7652.04	11478.07	2	1	0	2	0	0	0	0	0	0	0	3	11	1
61	1990	Master	Married	7510158.0688859485	0	0	01-01-2020	30	19.08	4.8	14.53	3.42	5.94	5.72	0	0	0	0	1	0	0	0	0	0	0	3	11	0
62	1990	Master	Single	9318020.101248017	0	0	01-01-2020	30	28338.66	9446.22	18892.44	14169.33	9446.22	14169.33	2	2	1	2	2	0	0	0	0	0	0	3	11	1
63	1990	Master	Single	688450674.6187587	0	2	01-01-2020	30	90832.73	30277.58	60555.16	45416.37	30277.58	45416.37	1	0	0	1	0	0	0	0	0	0	0	3	11	1
64	1990	Master	Single	1451796127.3212154	0	0	01-01-2020	30	53606.58	17868.86	35737.72	26803.29	17868.86	26803.29	1	1	0	1	2	0	0	0	0	0	0	3	11	1
65	1990	Master	Single	0.0	0	0	01-01-2020	30	46353.2	15451.07	30902.13	23176.6	15451.07	23176.6	1	1	0	1	1	0	0	0	0	0	0	3	11	1
66	1990	Master	Single	57993253.29924928	1	0	01-01-2020	30	53690.92	17896.97	35793.95	26845.46	17896.97	26845.46	2	3	1	2	4	0	0	0	0	0	0	3	11	1
67	1990	Master	Single	0.0	5	0	01-01-2020	30	13781.53	4593.84	9187.68	6890.76	4593.84	6890.76	1	1	0	1	1	0	0	0	0	0	0	3	11	1
68	1990	Master	Single	0.0	0	0	01-01-2020	30	36.15	22.81	28.65	8.17	6.56	20.27	0	1	0	0	3	0	0	0	0	0	0	3	11	0
69	1990	Master	Single	1638538.272553319	0	2	01-01-2020	30	33350.39	11116.8	22233.59	16675.2	11116.8	16675.2	2	1	0	2	0	0	0	0	0	0	0	3	11	1
70	1990	Master	Single	2117879712.695151	0	0	01-01-2020	30	58942.93	19647.64	39295.29	29471.46	19647.64	29471.46	1	1	0	1	2	0	0	0	0	0	0	3	11	1
71	1990	Master	Single	0.0	0	0	01-01-2020	30	28664.84	9554.95	19109.89	14332.42	9554.95	14332.42	2	1	0	2	1	0	0	0	0	0	0	3	11	1
72	1990	Master	Single	120352107.72390212	0	0	01-01-2020	30	131933.05	43977.68	87955.36	65966.52	43977.68	65966.52	3	2	1	3	1	0	0	0	0	0	0	3	11	1
73	1990	Master	Single	0.0	0	0	01-01-2020	30	67296.32	22432.11	44864.21	33648.16	22432.11	33648.16	3	3	1	3	3	0	0	0	0	0	0	3	11	1
74	1990	Master	Single	1805164297.9793048	1	0	01-01-2020	30	363.57	44.45	62.88	221.31	52.06	23.63	0	1	0	0	3	0	0	0	0	0	0	3	11	0
75	1990	Master	Single	607465876.5084773	0	0	01-01-2020	30	256.87	33.46	160.34	183.25	64.38	203.85	0	2	1	0	4	0	0	0	0	0	0	3	11	0
76	1990	Master	Single	2975958.9356361106	5	0	01-01-2020	30	50803.73	16934.58	33869.16	25401.87	16934.58	25401.87	3	2	1	3	1	0	0	0	0	0	0	3	11	1
77	1990	Master	Single	0.0	0	0	01-01-2020	30	14.55	15.1	26.94	15.34	14.76	7.43	0	0	0	0	1	0	0	0	0	0	0	3	11	0
78	1990	Master	Single	0.0	0	0	01-01-2020	30	18032.6	6010.87	12021.73	9016.3	6010.87	9016.3	1	2	1	1	3	0	0	0	0	0	0	3	11	1
79	1990	Master	Single	1434736094.9369757	0	2	01-01-2020	30	52811.38	17603.79	35207.58	26405.69	17603.79	26405.69	2	1	0	2	1	0	0	0	0	0	0	3	11	1
80	1990	Master	Single	0.0	0	0	01-01-2020	30	48950.85	16316.95	32633.9	24475.43	16316.95	24475.43	2	2	1	2	3	0	0	0	0	0	0	3	11	1
81	1990	2n Cycle	Single	64148923.07868029	0	0	01-01-2020	30	71.57	27.02	45.21	18.02	20.34	45.95	0	0	0	0	1	0	0	0	0	0	0	3	11	0
82	1990	Master	Single	89505565.060317	1	0	01-01-2020	30	114067.29	38022.43	76044.86	57033.64	38022.43	57033.64	2	2	1	2	2	0	0	0	0	0	0	3	11	1
83	1990	Master	Single	7213790.093344834	1	5	01-01-2020	30	10.9	3.57	2.72	10.12	5.17	0.36	0	1	0	0	2	0	0	0	0	0	0	3	11	0
84	1990	Master	Single	959931103.5983428	0	2	01-01-2020	30	38670.71	12890.24	25780.47	19335.36	12890.24	19335.36	1	1	0	1	2	0	0	0	0	0	0	3	11	1
85	1990	Master	Single	1051656941.7475078	0	0	01-01-2020	30	96568.65	32189.55	64379.1	48284.32	32189.55	48284.32	2	2	1	2	2	0	0	0	0	0	0	3	11	1
86	1990	Master	Single	0.0	0	0	01-01-2020	30	51449.86	17149.95	34299.91	25724.93	17149.95	25724.93	2	1	0	2	0	0	0	0	0	0	0	3	11	1
87	1990	Master	Single	38562108.16240974	0	0	01-01-2020	30	82739.26	27579.75	55159.51	41369.63	27579.75	41369.63	2	3	1	2	4	0	0	0	0	0	0	3	11	1
88	1990	Master	Single	0.0	0	0	01-01-2020	30	32.57	7.53	14.52	23.93	4.94	16.98	0	0	0	0	1	0	0	0	0	0	0	3	11	0
89	1990	Master	Single	95831424.45793916	5	0	01-01-2020	30	132.54	83.22	42.8	81.29	20.29	22.64	0	1	0	0	2	0	0	0	0	0	0	3	11	0
90	1990	Master	Single	105865604.69935676	1	0	01-01-2020	30	99.81	26.08	24.38	40.47	59.31	76.74	0	1	0	0	2	0	0	0	0	0	0	3	11	0
91	1990	Master	Single	52767808.330260776	1	0	01-01-2020	30	32090.25	10696.75	21393.5	16045.12	10696.75	16045.12	1	1	0	1	1	0	0	0	0	0	0	3	11	1
92	1990	Master	Single	109613881.11599626	0	1	01-01-2020	30	52858.22	17619.4	35238.81	26429.11	17619.4	26429.11	1	3	1	1	5	0	0	0	0	0	0	3	11	1
93	1990	Basic	Single	10379589.08511576	0	2	01-01-2020	30	11732.66	3910.89	7821.78	5866.33	3910.89	5866.33	1	1	0	1	1	0	0	0	0	0	0	3	11	1
94	1990	Master	Single	37511835.29314856	0	0	01-01-2020	30	27612.76	9204.25	18408.51	13806.38	9204.25	13806.38	1	1	0	1	2	0	0	0	0	0	0	3	11	1
95	1990	Master	Single	62893687.98910953	0	0	01-01-2020	30	21.21	23.91	43.07	32.44	25.18	42.03	0	0	0	0	1	0	0	0	0	0	0	3	11	0
96	1990	Master	Single	0.0	0	0	01-01-2020	30	12.54	10.89	8.07	16.4	13.84	0.0	0	1	0	0	2	0	0	0	0	0	0	3	11	0
97	1990	Master	Single	1399753848.6962032	0	0	01-01-2020	30	51099.79	17033.26	34066.53	25549.9	17033.26	25549.9	1	3	1	1	5	0	0	0	0	0	0	3	11	1
98	1990	Master	Single	0.0	0	0	01-01-2020	30	46973.48	15657.83	31315.65	23486.74	15657.83	23486.74	2	1	0	2	0	0	0	0	0	0	0	3	11	1
99	1990	Master	Single	2984737.214362096	0	0	01-01-2020	30	31274.77	10424.92	20849.84	15637.38	10424.92	15637.38	2	2	1	2	2	0	0	0	0	0	0	3	11	1
100	1990	Master	Married	0.0	0	0	01-01-2020	30	50902.48	16967.5	33934.99	25451.24	16967.5	25451.24	2	1	0	2	0	0	0	0	0	0	0	3	11	1
101	1990	Master	Single	0.0	1	0	01-01-2020	30	11481.65	3827.22	7654.43	5740.83	3827.22	5740.83	1	2	1	1	3	0	0	0	0	0	0	3	11	1
102	1990	Master	Single	5432215.987245273	0	0	01-01-2020	30	13341.78	4447.26	8894.52	6670.89	4447.26	6670.89	1	1	0	1	2	0	0	0	0	0	0	3	11	1
103	1990	Master	Single	5521767.61501719	0	0	01-01-2020	30	18100.98	6033.66	12067.32	9050.49	6033.66	9050.49	1	1	0	1	1	0	0	0	0	0	0	3	11	1
104	1990	Master	Single	1031599.8815695718	5	0	01-01-2020	30	24472.94	8157.65	16315.29	12236.47	8157.65	12236.47	2	1	0	2	1	0	0	0	0	0	0	3	11	1
105	1990	Master	Single	5627951.346911417	0	0	01-01-2020	30	14157.4	4719.14	9438.27	7078.7	4719.14	7078.7	1	1	0	1	2	0	0	0	0	0	0	3	11	1
106	1990	Master	Married	3970398.89991432	0	0	01-01-2020	30	19332.64	6444.21	12888.43	9666.32	6444.21	9666.32	1	1	0	1	2	0	0	0	0	0	0	3	11	1
107	1990	Master	Single	4878772.039392067	0	2	01-01-2020	30	16.12	6.79	13.61	9.47	6.37	11.49	0	2	1	0	5	0	0	0	0	0	0	3	11	0
108	1990	Master	Single	1185939238.426174	0	2	01-01-2020	30	31902.1	10634.03	21268.07	15951.05	10634.03	15951.05	1	1	0	1	1	0	0	0	0	0	0	3	11	1
109	1990	Master	Single	7343371.480360109	0	0	01-01-2020	30	22.51	1.61	13.97	7.13	4.59	0.0	0	1	0	0	3	0	0	0	0	0	0	3	11	0
110	1990	Master	Single	0.0	0	2	01-01-2020	30	19.96	4.5	7.33	7.7	5.86	10.43	0	2	1	0	4	0	0	0	0	0	0	3	11	0
111	1990	Master	Single	409738383.27903426	0	0	01-01-2020	30	380.51	129.29	247.1	161.95	73.01	184.14	0	1	0	0	3	0	0	0	0	0	0	3	11	0
112	1990	Graduation	Single	46125291.21093643	1	0	01-01-2020	30	16632.89	5544.3	11088.59	8316.45	5544.3	8316.45	1	1	0	1	1	0	0	0	0	0	0	3	11	1
113	1990	Master	Single	0.0	0	5	01-01-2020	30	37386.84	12462.28	24924.56	18693.42	12462.28	18693.42	1	2	1	1	3	0	0	0	0	0	0	3	11	1
114	1990	Master	Single	27872403.848386858	0	2	01-01-2020	30	71942.34	23980.78	47961.56	35971.17	23980.78	35971.17	2	1	0	2	1	0	0	0	0	0	0	3	11	1
115	1990	Master	Single	0.0	0	0	01-01-2020	30	15754.52	5251.51	10503.02	7877.26	5251.51	7877.26	1	1	0	1	1	0	0	0	0	0	0	3	11	1
116	1990	Master	Single	0.0	0	0	01-01-2020	30	22.34	10.54	37.12	19.39	12.7	20.72	0	2	1	0	4	0	0	0	0	0	0	3	11	0
117	1990	Master	Single	106482205.49124074	1	0	01-01-2020	30	47563.6	15854.53	31709.06	23781.8	15854.53	23781.8	1	2	1	1	3	0	0	0	0	0	0	3	11	1
118	1990	Master	Single	102435623.621537	0	0	01-01-2020	30	68531.3	22843.77	45687.53	34265.65	22843.77	34265.65	1	0	0	1	0	0	0	0	0	0	0	3	11	1
119	1990	Master	Single	58378481.753717035	0	0	01-01-2020	30	64.95	19.42	63.37	15.25	20.65	42.01	0	2	1	0	4	0	0	0	0	0	0	3	11	0
120	1990	Master	Single	0.0	0	0	01-01-2020	30	45.44	4.1	24.33	13.24	7.65	17.67	0	2	1	0	4	0	0	0	0	0	0	3	11	0
121	1990	Master	Single	2696345.5486746603	0	0	01-01-2020	30	13.51	6.55	13.46	4.34	5.44	4.24	0	2	1	0	4	0	0	0	0	0	0	3	11	0
122	1990	Graduation	Single	0.0	5	0	01-01-2020	30	34752.62	11584.21	23168.41	17376.31	11584.21	17376.31	1	1	0	1	1	0	0	0	0	0	0	3	11	1
123	1990	Master	Single	1796808.861465871	0	0	01-01-2020	30	13.28	4.13	6.87	7.86	1.67	0.0	0	2	1	0	4	0	0	0	0	0	0	3	11	0
124	1990	Master	Single	6495005.426822968	0	0	01-01-2020	30	11244.04	3748.01	7496.03	5622.02	3748.01	5622.02	1	1	0	1	1	0	0	0	0	0	0	3	11	1
125	1990	Master	Single	5160058.719141164	0	2	01-01-2020	30	25692.45	8564.15	17128.3	12846.23	8564.15	12846.23	2	2	1	2	3	0	0	0	0	0	0	3	11	1
126	1990	Master	Single	0.0	0	0	01-01-2020	30	5753.69	1917.9	3835.8	2876.85	1917.9	2876.85	1	0	0	1	0	0	0	0	0	0	0	3	11	1
127	1990	Master	Single	56278545.018013105	0	0	01-01-2020	30	56264.58	18754.86	37509.72	28132.29	18754.86	28132.29	2	2	1	2	3	0	0	0	0	0	0	3	11	1
128	1990	Master	Single	0.0	0	0	01-01-2020	30	12632.33	4210.78	8421.55	6316.17	4210.78	6316.17	1	1	0	1	2	0	0	0	0	0	0	3	11	1
129	1990	Master	Single	2334004.931694179	1	0	01-01-2020	30	27130.09	9043.36	18086.73	13565.05	9043.36	13565.05	2	2	1	2	2	0	0	0	0	0	0	3	11	1
130	1990	Master	Single	4317996.908625094	0	0	01-01-2020	30	12920.77	4306.92	8613.84	6460.38	4306.92	6460.38	1	3	1	1	5	0	0	0	0	0	0	3	11	1
131	1990	Master	Single	0.0	0	0	01-01-2020	30	34.45	14.71	19.22	11.71	1.82	18.73	0	1	0	0	2	0	0	0	0	0	0	3	11	0
132	1990	Master	Single	1280238453.0763004	0	0	01-01-2020	30	431.5	175.09	171.15	123.63	130.55	143.56	0	0	0	0	1	0	0	0	0	0	0	3	11	0
133	1990	Master	Single	1750981280.177734	0	0	01-01-2020	30	103157.31	34385.77	68771.54	51578.66	34385.77	51578.66	1	3	1	1	5	0	0	0	0	0	0	3	11	1
134	1990	Master	Single	5121499.412522133	0	0	01-01-2020	30	14156.93	4718.98	9437.96	7078.47	4718.98	7078.47	1	1	0	1	1	0	0	0	0	0	0	3	11	1
135	1990	Master	Single	0.0	0	0	01-01-2020	30	12922.84	4307.61	8615.23	6461.42	4307.61	6461.42	1	1	0	1	1	0	0	0	0	0	0	3	11	1
136	1990	Master	Single	5063342.289164061	0	0	01-01-2020	30	11.73	9.63	18.08	5.43	1.3	0.0	0	1	0	0	2	0	0	0	0	0	0	3	11	0
137	1990	Master	Single	0.0	0	0	01-01-2020	30	58792.38	19597.46	39194.92	29396.19	19597.46	29396.19	2	1	0	2	0	0	0	0	0	0	0	3	11	1
138	1990	Master	Single	35990292.19312825	0	0	01-01-2020	30	28145.37	9381.79	18763.58	14072.68	9381.79	14072.68	1	1	0	1	2	0	0	0	0	0	0	3	11	1
139	1990	Master	Single	0.0	0	0	01-01-2020	30	20.4	2.67	42.83	12.66	10.72	2.93	0	2	1	0	4	0	0	0	0	0	0	3	11	0
140	1990	Master	Single	1158097167.1741393	0	0	01-01-2020	30	133.47	5.14	76.15	136.98	38.35	105.94	0	1	0	0	2	0	0	0	0	0	0	3	11	0
141	1990	Master	Single	5987690.569850104	0	0	01-01-2020	30	9.89	8.32	6.98	8.34	6.85	13.27	0	0	0	0	1	0	0	0	0	0	0	3	11	0
142	1990	Master	Single	0.0	0	5	01-01-2020	30	14.33	7.26	18.62	14.59	8.4	11.85	0	1	0	0	2	0	0	0	0	0	0	3	11	0
143	1990	Master	Single	460068240.95780265	0	0	01-01-2020	30	151178.64	50392.88	100785.76	75589.32	50392.88	75589.32	2	1	0	2	0	0	0	0	0	0	0	3	11	1
144	1990	Master	Single	49565471.352233775	0	0	01-01-2020	30	37.49	8.77	35.28	20.93	18.29	28.75	0	2	1	0	5	0	0	0	0	0	0	3	11	0
145	1990	Master	Single	57265421.96922498	0	0	01-01-2020	30	28571.79	9523.93	19047.86	14285.89	9523.93	14285.89	1	1	0	1	2	0	0	0	0	0	0	3	11	1
146	1990	Master	Single	53636432.77479445	0	2	01-01-2020	30	35618.47	11872.82	23745.64	17809.23	11872.82	17809.23	1	2	1	1	3	0	0	0	0	0	0	3	11	1
147	1990	Master	Married	2005467.3694275925	0	0	01-01-2020	30	34878.36	11626.12	23252.24	17439.18	11626.12	17439.18	2	1	0	2	0	0	0	0	0	0	0	3	11	1
148	1990	Master	Married	0.0	0	0	01-01-2020	30	17911.09	5970.36	11940.73	8955.54	5970.36	8955.54	1	2	1	1	3	0	0	0	0	0	0	3	11	1
149	1990	Master	Single	1921222820.47159	0	0	01-01-2020	30	355.09	72.24	299.33	116.7	95.12	221.87	0	1	0	0	2	0	0	0	0	0	0	3	11	0
150	1990	Master	Single	1026180928.130611	0	0	01-01-2020	30	220.48	38.79	174.5	89.79	51.56	330.41	0	0	0	0	1	0	0	0	0	0	0	3	11	0
151	1990	Master	Single	0.0	1	0	01-01-2020	30	12324.63	4108.21	8216.42	6162.31	4108.21	6162.31	1	1	0	1	1	0	0	0	0	0	0	3	11	1
152	1990	Master	Single	0.0	1	0	01-01-2020	30	20.75	18.36	28.7	18.79	12.51	16.05	0	1	0	0	2	0	0	0	0	0	0	3	11	0
153	1990	Graduation	Single	0.0	1	0	01-01-2020	30	23762.01	7920.67	15841.34	11881.0	7920.67	11881.0	1	1	0	1	1	0	0	0	0	0	0	3	11	1
154	1990	Master	Single	2443588437.2686586	0	0	01-01-2020	30	54594.55	18198.18	36396.37	27297.28	18198.18	27297.28	1	0	0	1	0	0	0	0	0	0	0	3	11	1
155	1990	Master	Single	7357078.208141549	0	0	01-01-2020	30	9.96	4.81	4.21	9.31	2.26	3.62	0	1	0	0	2	0	0	0	0	0	0	3	11	0
156	1990	Master	Single	0.0	0	2	01-01-2020	30	188112.25	62704.08	125408.17	94056.12	62704.08	94056.12	3	2	1	3	1	0	0	0	0	0	0	3	11	1
157	1990	Master	Single	4496607.9424895765	0	0	01-01-2020	30	41445.64	13815.22	27630.43	20722.82	13815.22	20722.82	2	3	1	2	4	0	0	0	0	0	0	3	11	1
158	1990	Master	Single	2111416342.753746	0	0	01-01-2020	30	30757.31	10252.44	20504.88	15378.66	10252.44	15378.66	1	0	0	1	0	0	0	0	0	0	0	3	11	1
159	1990	Master	Single	1736618.7732393537	0	0	01-01-2020	30	17709.16	5903.05	11806.11	8854.58	5903.05	8854.58	1	1	0	1	2	0	0	0	0	0	0	3	11	1
160	1990	Master	Single	2292584.091787141	0	0	01-01-2020	30	17.07	2.2	3.18	8.34	2.58	4.82	0	1	0	0	2	0	0	0	0	0	0	3	11	0
161	1990	Master	Single	0.0	0	0	01-01-2020	30	29.1	11.16	44.95	20.96	14.52	22.26	0	2	1	0	4	0	0	0	0	0	0	3	11	0
162	1990	Basic	Single	56797582.89601875	0	0	01-01-2020	30	57.86	34.89	25.0	25.26	35.16	0.0	0	1	0	0	3	0	0	0	0	0	0	3	11	0
163	1990	Master	Single	1006800.8431592156	0	0	01-01-2020	30	29111.88	9703.96	19407.92	14555.94	9703.96	14555.94	2	1	0	2	1	0	0	0	0	0	0	3	11	1
164	1990	Master	Single	998337276.3611124	0	0	01-01-2020	30	463.86	30.18	253.2	226.67	154.35	220.37	0	1	0	0	2	0	0	0	0	0	0	3	11	0
165	1990	Master	Single	0.0	0	0	01-01-2020	30	38.57	2.6	18.48	16.9	7.18	11.08	0	0	0	0	1	0	0	0	0	0	0	3	11	0
166	1990	Master	Single	652195436.2806566	1	2	01-01-2020	30	332.47	220.8	292.75	160.07	134.42	170.12	0	0	0	0	1	0	0	0	0	0	0	3	11	0
167	1990	Master	Single	943574.538228284	0	2	01-01-2020	30	10275.98	3425.33	6850.65	5137.99	3425.33	5137.99	1	0	0	1	0	0	0	0	0	0	0	3	11	1
168	1990	Master	Single	0.0	1	0	01-01-2020	30	43447.76	14482.59	28965.17	21723.88	14482.59	21723.88	2	2	1	2	3	0	0	0	0	0	0	3	11	1
169	1990	Master	Single	1624559194.854463	0	0	01-01-2020	30	43975.03	14658.34	29316.68	21987.51	14658.34	21987.51	1	1	0	1	2	0	0	0	0	0	0	3	11	1
170	1990	Master	Single	3736267.839255875	0	0	01-01-2020	30	17412.45	5804.15	11608.3	8706.22	5804.15	8706.22	1	0	0	1	0	0	0	0	0	0	0	3	11	1
171	1990	Master	Single	2381676592.361635	0	0	01-01-2020	30	421.12	49.18	214.75	212.61	92.28	120.13	0	1	0	0	3	0	0	0	0	0	0	3	11	0
172	1990	Master	Single	0.0	0	0	01-01-2020	30	17.36	3.42	7.78	8.17	2.88	0.0	0	1	0	0	2	0	0	0	0	0	0	3	11	0
173	1990	Master	Single	1701871346.0138788	0	0	01-01-2020	30	36147.0	12049.0	24098.0	18073.5	12049.0	18073.5	1	1	0	1	2	0	0	0	0	0	0	3	11	1
174	1990	Master	Single	966953674.0586836	0	0	01-01-2020	30	60174.13	20058.04	40116.09	30087.07	20058.04	30087.07	1	1	0	1	2	0	0	0	0	0	0	3	11	1
175	1990	Master	Single	0.0	0	0	01-01-2020	30	43137.88	14379.29	28758.58	21568.94	14379.29	21568.94	2	2	1	2	2	0	0	0	0	0	0	3	11	1
176	1990	Master	Single	4730825.415972314	0	5	01-01-2020	30	13933.33	4644.44	9288.88	6966.66	4644.44	6966.66	1	0	0	1	0	0	0	0	0	0	0	3	11	1
177	1990	Master	Single	879786.7654560897	0	0	01-01-2020	30	13.94	5.76	7.62	4.14	5.93	10.96	0	1	0	0	2	0	0	0	0	0	0	3	11	0
178	1990	Master	Single	0.0	0	0	01-01-2020	30	10343.11	3447.7	6895.41	5171.55	3447.7	5171.55	1	0	0	1	0	0	0	0	0	0	0	3	11	1
179	1990	Master	Single	34104506.70904384	1	2	01-01-2020	30	24301.87	8100.62	16201.24	12150.93	8100.62	12150.93	1	0	0	1	0	0	0	0	0	0	0	3	11	1
180	1990	Master	Single	8030385.396999843	1	0	01-01-2020	30	13686.17	4562.06	9124.12	6843.09	4562.06	6843.09	1	1	0	1	1	0	0	0	0	0	0	3	11	1
181	1990	Master	Single	0.0	0	0	01-01-2020	30	95354.21	31784.74	63569.47	47677.11	31784.74	47677.11	4	2	1	4	0	0	0	0	0	0	0	3	11	1
182	1990	Master	Single	0.0	0	0	01-01-2020	30	8034.02	2678.0	5356.01	4017.01	2678.0	4017.01	1	0	0	1	0	0	0	0	0	0	0	3	11	1
183	1990	Master	Single	0.0	0	5	01-01-2020	30	25.61	9.56	18.82	18.83	9.28	14.35	0	1	0	0	2	0	0	0	0	0	0	3	11	0
184	1990	Master	Single	0.0	0	0	01-01-2020	30	29.35	2.95	15.73	9.19	6.28	16.52	0	1	0	0	3	0	0	0	0	0	0	3	11	0
185	1990	Master	Single	1746774871.3141277	0	0	01-01-2020	30	75818.14	25272.71	50545.42	37909.07	25272.71	37909.07	1	1	0	1	1	0	0	0	0	0	0	3	11	1
186	1990	Master	Single	5662426.362129822	0	2	01-01-2020	30	17.48	7.08	1.16	10.74	7.71	4.2	0	2	1	0	4	0	0	0	0	0	0	3	11	0
187	1990	Master	Single	0.0	0	0	01-01-2020	30	31578.92	10526.31	21052.62	15789.46	10526.31	15789.46	2	2	1	2	3	0	0	0	0	0	0	3	11	1
188	1990	Master	Single	1454613.2280086349	0	0	01-01-2020	30	12836.07	4278.69	8557.38	6418.04	4278.69	6418.04	1	0	0	1	0	0	0	0	0	0	0	3	11	1
189	1990	Master	Single	575480603.5933974	0	0	01-01-2020	30	54063.76	18021.25	36042.5	27031.88	18021.25	27031.88	1	1	0	1	2	0	0	0	0	0	0	3	11	1
190	1990	Master	Single	1433068.2122236416	0	0	01-01-2020	30	24306.92	8102.31	16204.61	12153.46	8102.31	12153.46	2	1	0	2	1	0	0	0	0	0	0	3	11	1
191	1990	Basic	Single	113557612.7263132	0	0	01-01-2020	30	39003.03	13001.01	26002.02	19501.51	13001.01	19501.51	1	3	1	1	5	0	0	0	0	0	0	3	11	1
192	1990	Master	Single	22473939.70054195	5	0	01-01-2020	30	69112.18	23037.4	46074.79	34556.09	23037.4	34556.09	2	2	1	2	3	0	0	0	0	0	0	3	11	1
193	1990	Master	Single	0.0	0	0	01-01-2020	30	26124.57	8708.19	17416.38	13062.29	8708.19	13062.29	1	1	0	1	1	0	0	0	0	0	0	3	11	1
194	1990	Master	Single	3881606.559703734	0	0	01-01-2020	30	14.98	7.81	12.2	9.87	6.09	1.1	0	1	0	0	2	0	0	0	0	0	0	3	11	0
195	1990	Master	Single	0.0	0	0	01-01-2020	30	15.83	3.97	7.72	7.65	2.7	0.0	0	0	0	0	1	0	0	0	0	0	0	3	11	0
196	1990	Master	Single	0.0	0	0	01-01-2020	30	34.19	3.26	5.59	18.51	9.73	11.52	0	1	0	0	2	0	0	0	0	0	0	3	11	0
197	1990	Master	Single	1228092108.155594	0	0	01-01-2020	30	73217.57	24405.86	48811.72	36608.79	24405.86	36608.79	1	2	1	1	3	0	0	0	0	0	0	3	11	1
198	1990	Master	Married	26691.332807994913	0	0	01-01-2020	30	20384.18	6794.73	13589.46	10192.09	6794.73	10192.09	1	3	1	1	5	0	0	0	0	0	0	3	11	1
199	1990	Master	Single	0.0	0	0	01-01-2020	30	13177.14	4392.38	8784.76	6588.57	4392.38	6588.57	1	1	0	1	1	0	0	0	0	0	0	3	11	1
200	1990	Master	Single	0.0	0	0	01-01-2020	30	40286.87	13428.96	26857.91	20143.44	13428.96	20143.44	2	1	0	2	0	0	0	0	0	0	0	3	11	1
201	1990	Master	Single	0.0	0	0	01-01-2020	30	27.27	16.74	17.88	21.09	6.92	2.5	0	0	0	0	1	0	0	0	0	0	0	3	11	0
202	1990	Master	Single	0.0	0	0	01-01-2020	30	14.35	5.4	4.9	9.95	8.77	6.44	0	1	0	0	3	0	0	0	0	0	0	3	11	0
203	1990	Master	Single	548291906.7452435	0	0	01-01-2020	30	84.33	102.37	8.64	172.64	139.78	0.0	0	1	0	0	3	0	0	0	0	0	0	3	11	0
204	1990	Master	Single	1038351051.1079752	0	0	01-01-2020	30	107122.25	35707.42	71414.83	53561.12	35707.42	53561.12	2	2	1	2	2	0	0	0	0	0	0	3	11	1
205	1990	Master	Single	561267728.0721334	0	0	01-01-2020	30	72740.66	24246.88	48493.77	36370.33	24246.88	36370.33	1	1	0	1	2	0	0	0	0	0	0	3	11	1
206	1990	Master	Single	0.0	0	0	01-01-2020	30	24133.64	8044.55	16089.1	12066.82	8044.55	12066.82	1	2	1	1	4	0	0	0	0	0	0	3	11	1
207	1990	Master	Single	0.0	1	0	01-01-2020	30	9.87	10.72	15.94	12.3	9.77	25.85	0	0	0	0	1	0	0	0	0	0	0	3	11	0
208	1990	Master	Single	106288654.65641163	0	0	01-01-2020	30	208499.55	69499.85	138999.7	104249.78	69499.85	104249.78	4	3	1	4	2	0	0	0	0	0	0	3	11	1
209	1990	Master	Single	0.0	0	1	01-01-2020	30	37594.46	12531.49	25062.98	18797.23	12531.49	18797.23	1	1	0	1	1	0	0	0	0	0	0	3	11	1
210	1990	Master	Single	1189754681.8563294	0	0	01-01-2020	30	37359.85	12453.28	24906.56	18679.92	12453.28	18679.92	1	1	0	1	2	0	0	0	0	0	0	3	11	1
211	1990	Master	Single	1306146692.116799	0	0	01-01-2020	30	148873.1	49624.37	99248.73	74436.55	49624.37	74436.55	3	3	1	3	4	0	0	0	0	0	0	3	11	1
212	1990	Master	Single	5226240.623674713	0	0	01-01-2020	30	18.97	12.45	8.74	4.88	1.29	15.44	0	1	0	0	2	0	0	0	0	0	0	3	11	0
213	1990	Master	Single	1751357695.6051502	0	0	01-01-2020	30	334571.66	111523.89	223047.77	167285.83	111523.89	167285.83	5	2	1	5	0	0	0	0	0	0	0	3	11	1
214	1990	Master	Single	0.0	0	0	01-01-2020	30	25490.95	8496.98	16993.97	12745.48	8496.98	12745.48	1	1	0	1	1	0	0	0	0	0	0	3	11	1
215	1990	Master	Single	0.0	0	0	01-01-2020	30	36507.38	12169.13	24338.25	18253.69	12169.13	18253.69	1	2	1	1	4	0	0	0	0	0	0	3	11	1
216	1990	Master	Single	4900026.127157741	0	0	01-01-2020	30	45413.28	15137.76	30275.52	22706.64	15137.76	22706.64	3	2	1	3	2	0	0	0	0	0	0	3	11	1
217	1990	Master	Single	2466230.202855004	0	0	01-01-2020	30	19.8	4.92	21.62	10.41	8.49	14.24	0	1	0	0	3	0	0	0	0	0	0	3	11	0
218	1990	Basic	Married	943537.010300783	0	0	01-01-2020	30	15691.19	5230.4	10460.8	7845.6	5230.4	7845.6	1	1	0	1	1	0	0	0	0	0	0	3	11	1
219	1990	Master	Single	7797827.666679986	0	0	01-01-2020	30	17461.32	5820.44	11640.88	8730.66	5820.44	8730.66	1	3	1	1	5	0	0	0	0	0	0	3	11	1
220	1990	Master	Single	0.0	0	0	01-01-2020	30	36.88	17.46	13.36	7.49	11.0	19.97	0	1	0	0	2	0	0	0	0	0	0	3	11	0
221	1990	Master	Single	0.0	0	0	01-01-2020	30	20419.63	6806.54	13613.09	10209.82	6806.54	10209.82	1	0	0	1	0	0	0	0	0	0	0	3	11	1
222	1990	Master	Single	0.0	5	0	01-01-2020	30	37811.32	12603.78	25207.55	18905.66	12603.78	18905.66	2	3	1	2	5	0	0	0	0	0	0	3	11	1
223	1990	Master	Single	2392029288.2259736	0	0	01-01-2020	30	84911.04	28303.68	56607.36	42455.52	28303.68	42455.52	1	2	1	1	3	0	0	0	0	0	0	3	11	1
224	1990	Master	Single	0.0	1	0	01-01-2020	30	63229.35	21076.45	42152.9	31614.67	21076.45	31614.67	1	1	0	1	2	0	0	0	0	0	0	3	11	1
225	1990	Master	Single	1594661077.4455175	0	0	01-01-2020	30	247.48	102.35	0.0	209.89	130.72	311.47	0	1	0	0	3	0	0	0	0	0	0	3	11	0
226	1990	Master	Single	0.0	0	0	01-01-2020	30	24897.44	8299.15	16598.3	12448.72	8299.15	12448.72	1	1	0	1	2	0	0	0	0	0	0	3	11	1
227	1990	Master	Single	0.0	0	5	01-01-2020	30	43.5	10.11	4.21	13.49	6.34	0.0	0	1	0	0	3	0	0	0	0	0	0	3	11	0
228	1990	Master	Single	0.0	0	0	01-01-2020	30	27.19	0.0	1.81	17.82	14.84	17.75	0	1	0	0	2	0	0	0	0	0	0	3	11	0
229	1990	Master	Single	0.0	0	0	01-01-2020	30	346907.99	115636.0	231271.99	173454.0	115636.0	173454.0	5	3	1	5	2	0	0	0	0	0	0	3	11	1
230	1990	Master	Single	0.0	0	0	01-01-2020	30	18192.87	6064.29	12128.58	9096.44	6064.29	9096.44	1	1	0	1	1	0	0	0	0	0	0	3	11	1
231	1990	Master	Single	3621885.9638263662	0	1	01-01-2020	30	21.62	5.35	3.9	7.7	5.43	0.0	0	0	0	0	1	0	0	0	0	0	0	3	11	0
232	1990	Master	Single	2375873495.9302816	0	0	01-01-2020	30	115.0	46.09	198.64	132.57	89.22	88.11	0	2	1	0	4	0	0	0	0	0	0	3	11	0
233	1990	Master	Single	5551913.258002186	0	0	01-01-2020	30	22.36	6.97	13.34	8.26	7.61	2.54	0	1	0	0	2	0	0	0	0	0	0	3	11	0
234	1990	Master	Single	945364017.7073976	0	0	01-01-2020	30	245.42	26.8	136.51	148.67	85.88	183.91	0	2	1	0	4	0	0	0	0	0	0	3	11	0
235	1990	Master	Single	0.0	0	0	01-01-2020	30	39.25	2.25	20.11	18.75	14.01	19.6	0	1	0	0	3	0	0	0	0	0	0	3	11	0
236	1990	Master	Single	1976624.0091552243	5	2	01-01-2020	30	35413.54	11804.52	23609.03	17706.77	11804.52	17706.77	2	1	0	2	0	0	0	0	0	0	0	3	11	1
237	1990	Master	Single	52153468.992614456	5	0	01-01-2020	30	48.32	23.39	59.06	34.92	15.84	37.92	0	0	0	0	1	0	0	0	0	0	0	3	11	0
238	1990	Master	Single	112207219.76553646	0	0	01-01-2020	30	196.1	55.35	63.18	111.51	53.51	106.28	0	1	0	0	2	0	0	0	0	0	0	3	11	0
239	1990	Master	Single	0.0	0	0	01-01-2020	30	23.84	17.98	12.83	24.78	14.15	13.33	0	2	1	0	4	0	0	0	0	0	0	3	11	0
240	1990	Master	Single	620014536.7210469	0	0	01-01-2020	30	239.91	115.83	91.3	131.55	139.98	167.99	0	1	0	0	2	0	0	0	0	0	0	3	11	0
241	1990	Master	Single	0.0	0	0	01-01-2020	30	42836.66	14278.89	28557.77	21418.33	14278.89	21418.33	1	2	1	1	4	0	0	0	0	0	0	3	11	1
242	1990	Master	Single	6959862.379150313	0	0	01-01-2020	30	21.81	7.47	2.62	5.81	5.73	2.22	0	0	0	0	1	0	0	0	0	0	0	3	11	0
243	1990	Master	Single	56716885.76676317	0	0	01-01-2020	30	156635.92	52211.97	104423.95	78317.96	52211.97	78317.96	5	3	1	5	1	0	0	0	0	0	0	3	11	1
244	1990	Master	Single	7854447.668379678	0	0	01-01-2020	30	18.21	0.0	6.94	5.98	5.86	10.37	0	0	0	0	1	0	0	0	0	0	0	3	11	0
245	1990	Basic	Single	1676629810.380497	0	0	01-01-2020	30	198.1	60.15	164.37	106.78	116.83	119.63	0	2	1	0	4	0	0	0	0	0	0	3	11	0
246	1990	Master	Single	0.0	0	0	01-01-2020	30	36.8	6.96	37.21	17.19	5.03	8.59	0	1	0	0	3	0	0	0	0	0	0	3	11	0
247	1990	Master	Single	9094735.986558028	0	0	01-01-2020	30	17866.02	5955.34	11910.68	8933.01	5955.34	8933.01	1	2	1	1	4	0	0	0	0	0	0	3	11	1
248	1990	Master	Single	6210986.5415627025	0	0	01-01-2020	30	15.18	5.79	19.0	9.89	7.07	2.98	0	2	1	0	4	0	0	0	0	0	0	3	11	0
249	1990	Master	Single	118612573.69733869	0	0	01-01-2020	30	157693.25	52564.42	105128.83	78846.63	52564.42	78846.63	3	3	1	3	4	0	0	0	0	0	0	3	11	1
250	1990	Master	Single	0.0	0	0	01-01-2020	30	28797.85	9599.28	19198.57	14398.92	9599.28	14398.92	1	1	0	1	1	0	0	0	0	0	0	3	11	1
251	1990	Master	Single	50646735.21265256	0	2	01-01-2020	30	25.15	30.03	84.55	36.2	16.94	61.64	0	1	0	0	2	0	0	0	0	0	0	3	11	0
252	1990	Master	Single	0.0	0	0	01-01-2020	30	65745.17	21915.06	43830.11	32872.59	21915.06	32872.59	3	2	1	3	1	0	0	0	0	0	0	3	11	1
253	1990	Master	Single	1372668983.1876628	0	0	01-01-2020	30	64159.27	21386.42	42772.85	32079.63	21386.42	32079.63	1	0	0	1	0	0	0	0	0	0	0	3	11	1
254	1990	Master	Single	116494594.50143318	0	0	01-01-2020	30	103525.56	34508.52	69017.04	51762.78	34508.52	51762.78	2	2	1	2	2	0	0	0	0	0	0	3	11	1
255	1990	Master	Single	7285531.294219339	1	0	01-01-2020	30	15738.52	5246.17	10492.35	7869.26	5246.17	7869.26	1	1	0	1	2	0	0	0	0	0	0	3	11	1
256	1990	Master	Single	0.0	0	0	01-01-2020	30	31.32	10.14	24.77	7.69	0.0	0.0	0	1	0	0	3	0	0	0	0	0	0	3	11	0
257	1990	Master	Single	64968280.681836024	0	0	01-01-2020	30	50.46	20.95	0.36	44.1	0.0	37.5	0	0	0	0	1	0	0	0	0	0	0	3	11	0
258	1990	Master	Single	106533408.39845444	0	0	01-01-2020	30	12384.02	4128.01	8256.01	6192.01	4128.01	6192.01	1	1	0	1	2	0	0	0	0	0	0	3	11	1
259	1990	Master	Single	706700124.724497	0	0	01-01-2020	30	77550.67	25850.22	51700.45	38775.33	25850.22	38775.33	1	2	1	1	4	0	0	0	0	0	0	3	11	1
260	1990	Master	Single	0.0	0	0	01-01-2020	30	25.65	6.19	28.51	11.78	9.99	27.01	0	0	0	0	1	0	0	0	0	0	0	3	11	0
261	1990	Master	Single	70395697.14414866	1	0	01-01-2020	30	72.83	29.23	35.33	27.88	19.97	6.76	0	0	0	0	1	0	0	0	0	0	0	3	11	0
262	1990	Master	Single	559714357.5148646	0	0	01-01-2020	30	52687.58	17562.53	35125.05	26343.79	17562.53	26343.79	1	1	0	1	1	0	0	0	0	0	0	3	11	1
263	1990	Master	Single	0.0	0	2	01-01-2020	30	11.53	15.17	23.39	20.24	14.86	22.4	0	1	0	0	2	0	0	0	0	0	0	3	11	0
264	1990	Master	Single	1328233248.650982	0	0	01-01-2020	30	154304.45	51434.82	102869.63	77152.23	51434.82	77152.23	2	1	0	2	0	0	0	0	0	0	0	3	11	1
265	1990	Master	Single	1500851427.182769	0	0	01-01-2020	30	470.68	148.89	312.47	126.31	127.54	151.35	0	1	0	0	3	0	0	0	0	0	0	3	11	0
266	1990	Master	Single	1246783538.0657568	0	0	01-01-2020	30	29031.8	9677.27	19354.53	14515.9	9677.27	14515.9	1	2	1	1	3	0	0	0	0	0	0	3	11	1
267	1990	Master	Single	0.0	0	2	01-01-2020	30	15951.87	5317.29	10634.58	7975.94	5317.29	7975.94	1	1	0	1	1	0	0	0	0	0	0	3	11	1
268	1990	Master	Single	1155990.177929623	0	2	01-01-2020	30	19.93	2.55	19.4	5.6	3.89	5.7	0	1	0	0	2	0	0	0	0	0	0	3	11	0
269	1990	Master	Single	514876901.48171866	0	0	01-01-2020	30	84184.02	28061.34	56122.68	42092.01	28061.34	42092.01	1	0	0	1	0	0	0	0	0	0	0	3	11	1
270	1990	Master	Single	1382984.492039057	0	0	01-01-2020	30	13212.96	4404.32	8808.64	6606.48	4404.32	6606.48	1	0	0	1	0	0	0	0	0	0	0	3	11	1
271	1990	Master	Single	0.0	0	2	01-01-2020	30	16187.43	5395.81	10791.62	8093.71	5395.81	8093.71	1	1	0	1	2	0	0	0	0	0	0	3	11	1
272	1990	Master	Single	0.0	0	0	01-01-2020	30	19223.64	6407.88	12815.76	9611.82	6407.88	9611.82	1	0	0	1	0	0	0	0	0	0	0	3	11	1
273	1990	Master	Single	112729899.20748052	0	0	01-01-2020	30	32382.78	10794.26	21588.52	16191.39	10794.26	16191.39	1	1	0	1	2	0	0	0	0	0	0	3	11	1
274	1990	Master	Single	785957960.568486	0	1	01-01-2020	30	183521.7	61173.9	122347.8	91760.85	61173.9	91760.85	2	2	1	2	3	0	0	0	0	0	0	3	11	1
275	1990	Master	Single	726855.913577381	0	0	01-01-2020	30	21.88	5.27	3.82	11.83	4.98	5.31	0	0	0	0	1	0	0	0	0	0	0	3	11	0
276	1990	Master	Single	800112784.8494725	0	2	01-01-2020	30	128770.71	42923.57	85847.14	64385.36	42923.57	64385.36	2	1	0	2	0	0	0	0	0	0	0	3	11	1
277	1990	Master	Single	1303278119.180651	5	0	01-01-2020	30	62608.22	20869.41	41738.81	31304.11	20869.41	31304.11	1	3	1	1	5	0	0	0	0	0	0	3	11	1
278	1990	Master	Single	0.0	0	0	01-01-2020	30	32276.59	10758.86	21517.73	16138.3	10758.86	16138.3	2	1	0	2	0	0	0	0	0	0	0	3	11	1
279	1990	Master	Single	0.0	0	0	01-01-2020	30	426.06	122.47	187.14	218.41	100.84	262.97	0	3	1	0	6	0	0	0	0	0	0	3	11	0
280	1990	Master	Single	0.0	0	0	01-01-2020	30	10013.26	3337.75	6675.51	5006.63	3337.75	5006.63	1	1	0	1	2	0	0	0	0	0	0	3	11	1
281	1990	Master	Single	64252893.42477176	0	0	01-01-2020	30	22.59	19.98	38.72	25.7	19.7	80.57	0	1	0	0	3	0	0	0	0	0	0	3	11	0
282	1990	Master	Single	1042251220.89339	0	0	01-01-2020	30	73.94	173.58	403.55	164.31	161.53	90.08	0	0	0	0	1	0	0	0	0	0	0	3	11	0
283	1990	Master	Single	836769771.153746	0	0	01-01-2020	30	49659.05	16553.02	33106.04	24829.53	16553.02	24829.53	1	1	0	1	1	0	0	0	0	0	0	3	11	1
284	1990	Master	Single	1839828368.0502768	0	2	01-01-2020	30	339.64	140.15	433.99	153.94	155.26	218.02	0	0	0	0	1	0	0	0	0	0	0	3	11	0
285	1990	Master	Single	0.0	0	0	01-01-2020	30	30915.55	10305.18	20610.37	15457.78	10305.18	15457.78	2	1	0	2	1	0	0	0	0	0	0	3	11	1
286	1990	Master	Single	1490931918.2952638	0	0	01-01-2020	30	45498.57	15166.19	30332.38	22749.28	15166.19	22749.28	1	2	1	1	3	0	0	0	0	0	0	3	11	1
287	1990	Master	Single	1259569076.6979997	0	0	01-01-2020	30	76231.65	25410.55	50821.1	38115.82	25410.55	38115.82	1	1	0	1	1	0	0	0	0	0	0	3	11	1
288	1990	Master	Single	0.0	0	2	01-01-2020	30	12040.55	4013.52	8027.03	6020.27	4013.52	6020.27	1	2	1	1	3	0	0	0	0	0	0	3	11	1
289	1990	Master	Single	0.0	0	0	01-01-2020	30	7574.74	2524.91	5049.83	3787.37	2524.91	3787.37	1	0	0	1	0	0	0	0	0	0	0	3	11	1
290	1990	Master	Single	3943639.419479203	0	0	01-01-2020	30	0.49	4.34	6.7	9.08	5.82	4.08	0	1	0	0	2	0	0	0	0	0	0	3	11	0
291	1990	Master	Single	7399437.52015865	0	0	01-01-2020	30	17875.81	5958.6	11917.21	8937.91	5958.6	8937.91	1	1	0	1	2	0	0	0	0	0	0	3	11	1
292	1990	Master	Single	7054355.156214129	0	0	01-01-2020	30	18.97	7.43	15.28	6.39	3.8	1.59	0	0	0	0	1	0	0	0	0	0	0	3	11	0
293	1990	Master	Single	0.0	0	0	01-01-2020	30	30052.64	10017.55	20035.1	15026.32	10017.55	15026.32	1	2	1	1	3	0	0	0	0	0	0	3	11	1
294	1990	Master	Single	1570918394.2261086	0	0	01-01-2020	30	64586.6	21528.87	43057.73	32293.3	21528.87	32293.3	1	0	0	1	0	0	0	0	0	0	0	3	11	1
295	1990	Master	Single	675308098.9927291	0	0	01-01-2020	30	112128.74	37376.25	74752.5	56064.37	37376.25	56064.37	2	3	1	2	4	0	0	0	0	0	0	3	11	1
296	1990	Master	Single	0.0	0	0	01-01-2020	30	69020.21	23006.74	46013.47	34510.11	23006.74	34510.11	3	1	0	3	0	0	0	0	0	0	0	3	11	1
297	1990	Master	Single	2554865.3641811796	0	0	01-01-2020	30	13826.89	4608.96	9217.93	6913.44	4608.96	6913.44	1	1	0	1	1	0	0	0	0	0	0	3	11	1
298	1990	Master	Single	116095565.47420187	0	0	01-01-2020	30	181.17	93.78	99.14	42.27	63.63	49.81	0	1	0	0	2	0	0	0	0	0	0	3	11	0
299	1990	Master	Single	2068862.6567806476	0	0	01-01-2020	30	9.58	3.53	6.91	7.63	4.69	0.0	0	1	0	0	2	0	0	0	0	0	0	3	11	0
300	1990	Master	Single	0.0	1	2	01-01-2020	30	63609.48	21203.16	42406.32	31804.74	21203.16	31804.74	3	1	0	3	0	0	0	0	0	0	0	3	11	1
301	1990	Master	Single	0.0	0	0	01-01-2020	30	24030.54	8010.18	16020.36	12015.27	8010.18	12015.27	1	1	0	1	2	0	0	0	0	0	0	3	11	1
302	1990	Master	Single	3111278.054926466	0	0	01-01-2020	30	13.63	7.16	5.45	5.59	0.0	17.45	0	1	0	0	2	0	0	0	0	0	0	3	11	0
303	1990	Master	Single	712497556.2497374	5	0	01-01-2020	30	60608.4	20202.8	40405.6	30304.2	20202.8	30304.2	1	1	0	1	1	0	0	0	0	0	0	3	11	1
304	1990	Graduation	Single	6103123.964402544	0	0	01-01-2020	30	29093.22	9697.74	19395.48	14546.61	9697.74	14546.61	2	1	0	2	1	0	0	0	0	0	0	3	11	1
305	1990	Master	Single	1241717977.720966	1	0	01-01-2020	30	117586.38	39195.46	78390.92	58793.19	39195.46	58793.19	2	1	0	2	1	0	0	0	0	0	0	3	11	1
306	1990	Master	Single	0.0	0	0	01-01-2020	30	25.81	4.37	10.86	7.3	4.47	14.36	0	0	0	0	1	0	0	0	0	0	0	3	11	0
307	1990	Master	Single	0.0	0	0	01-01-2020	30	121852.12	40617.38	81234.75	60926.06	40617.38	60926.06	5	4	2	5	3	0	0	0	0	0	0	3	11	1
308	1990	Master	Single	3284124.985381238	1	2	01-01-2020	30	31195.39	10398.46	20796.93	15597.7	10398.46	15597.7	2	1	0	2	1	0	0	0	0	0	0	3	11	1
309	1990	Master	Single	47034477.53342491	0	0	01-01-2020	30	43327.29	14442.43	28884.86	21663.64	14442.43	21663.64	2	2	1	2	2	0	0	0	0	0	0	3	11	1
310	1990	Master	Single	0.0	0	0	01-01-2020	30	29.75	17.24	28.36	13.64	16.91	7.03	0	1	0	0	3	0	0	0	0	0	0	3	11	0
311	1990	Master	Single	0.0	0	0	01-01-2020	30	32.56	11.97	20.25	15.12	9.26	9.63	0	1	0	0	2	0	0	0	0	0	0	3	11	0
312	1990	Master	Single	46978985.883896865	0	0	01-01-2020	30	46.53	7.39	33.69	46.23	19.76	48.11	0	1	0	0	3	0	0	0	0	0	0	3	11	0
313	1990	Master	Single	59795893.186642066	0	2	01-01-2020	30	40593.95	13531.32	27062.63	20296.98	13531.32	20296.98	1	1	0	1	2	0	0	0	0	0	0	3	11	1
314	1990	Master	Single	0.0	0	0	01-01-2020	30	21.72	1.77	13.5	8.03	3.86	8.09	0	2	1	0	4	0	0	0	0	0	0	3	11	0
315	1990	Master	Single	1167960201.9687407	0	0	01-01-2020	30	51420.56	17140.19	34280.38	25710.28	17140.19	25710.28	1	0	0	1	0	0	0	0	0	0	0	3	11	1
316	1990	Master	Single	3688665.07692435	0	0	01-01-2020	30	30227.07	10075.69	20151.38	15113.53	10075.69	15113.53	2	2	1	2	2	0	0	0	0	0	0	3	11	1
317	1990	Master	Single	0.0	0	0	01-01-2020	30	86043.04	28681.01	57362.03	43021.52	28681.01	43021.52	3	1	0	3	0	0	0	0	0	0	0	3	11	1
318	1990	Master	Single	1518246523.9924295	0	0	01-01-2020	30	74741.15	24913.72	49827.43	37370.57	24913.72	37370.57	2	2	1	2	2	0	0	0	0	0	0	3	11	1
319	1990	Master	Single	0.0	0	5	01-01-2020	30	21748.12	7249.37	14498.74	10874.06	7249.37	10874.06	1	1	0	1	2	0	0	0	0	0	0	3	11	1
320	1990	Master	Single	138040704.90215838	0	0	01-01-2020	30	33091.17	11030.39	22060.78	16545.58	11030.39	16545.58	1	2	1	1	3	0	0	0	0	0	0	3	11	1
321	1990	Master	Single	0.0	0	0	01-01-2020	30	37.18	12.59	20.39	14.18	3.46	17.51	0	1	0	0	2	0	0	0	0	0	0	3	11	0
322	1990	Basic	Single	1678486897.046786	1	0	01-01-2020	30	61944.01	20648.0	41296.01	30972.01	20648.0	30972.01	1	1	0	1	1	0	0	0	0	0	0	3	11	1
323	1990	Master	Single	0.0	0	0	01-01-2020	30	18.1	10.97	27.52	21.45	19.35	18.52	0	2	1	0	4	0	0	0	0	0	0	3	11	0
324	1990	Master	Single	62406348.93965629	0	0	01-01-2020	30	35412.45	11804.15	23608.3	17706.22	11804.15	17706.22	1	2	1	1	3	0	0	0	0	0	0	3	11	1
325	1990	Master	Single	0.0	0	0	01-01-2020	30	13.55	10.87	22.52	26.46	13.15	0.0	0	1	0	0	2	0	0	0	0	0	0	3	11	0
326	1990	Master	Single	7585524.262805501	0	0	01-01-2020	30	23.01	7.79	7.07	5.55	4.8	19.04	0	1	0	0	2	0	0	0	0	0	0	3	11	0
327	1990	Master	Single	1283575588.7648184	0	0	01-01-2020	30	336.86	144.85	287.53	118.75	84.55	0.0	0	1	0	0	2	0	0	0	0	0	0	3	11	0
328	1990	Master	Single	73096383.63747123	0	0	01-01-2020	30	33.8	27.62	26.62	39.52	20.11	20.59	0	1	0	0	2	0	0	0	0	0	0	3	11	0
329	1990	Master	Single	0.0	0	0	01-01-2020	30	37535.12	12511.71	25023.42	18767.56	12511.71	18767.56	2	1	0	2	1	0	0	0	0	0	0	3	11	1
330	1990	Master	Single	0.0	0	2	01-01-2020	30	24517.3	8172.44	16344.87	12258.65	8172.44	12258.65	1	2	1	1	3	0	0	0	0	0	0	3	11	1
331	1990	Basic	Single	5603053.224722836	0	2	01-01-2020	30	34301.59	11433.86	22867.73	17150.79	11433.86	17150.79	2	1	0	2	1	0	0	0	0	0	0	3	11	1
332	1990	Master	Single	0.0	0	0	01-01-2020	30	23340.66	7780.22	15560.44	11670.33	7780.22	11670.33	1	1	0	1	1	0	0	0	0	0	0	3	11	1
333	1990	Master	Single	0.0	0	0	01-01-2020	30	27702.63	9234.21	18468.42	13851.31	9234.21	13851.31	1	2	1	1	3	0	0	0	0	0	0	3	11	1
334	1990	Master	Single	955764080.8897674	0	0	01-01-2020	30	358.63	48.04	204.13	154.34	20.22	262.71	0	1	0	0	2	0	0	0	0	0	0	3	11	0
335	1990	Master	Single	3263252.5945582557	0	0	01-01-2020	30	20.28	6.59	8.71	11.32	2.01	0.0	0	0	0	0	1	0	0	0	0	0	0	3	11	0
336	1990	Master	Single	7497264.78195503	0	2	01-01-2020	30	20.25	2.27	23.71	6.5	6.28	2.94	0	2	1	0	4	0	0	0	0	0	0	3	11	0
337	1990	Master	Single	1351183289.667791	0	2	01-01-2020	30	96485.54	32161.85	64323.69	48242.77	32161.85	48242.77	2	2	1	2	2	0	0	0	0	0	0	3	11	1
338	1990	Master	Single	116502854.59883684	5	2	01-01-2020	30	66325.46	22108.49	44216.97	33162.73	22108.49	33162.73	2	2	1	2	3	0	0	0	0	0	0	3	11	1
339	1990	Master	Single	3277564.462401492	0	0	01-01-2020	30	18935.2	6311.73	12623.46	9467.6	6311.73	9467.6	1	1	0	1	1	0	0	0	0	0	0	3	11	1
340	1990	Master	Single	6352878.668797791	1	0	01-01-2020	30	13.88	7.46	12.69	6.81	5.43	6.97	0	0	0	0	1	0	0	0	0	0	0	3	11	0
341	1990	Master	Single	5275001.930073554	1	0	01-01-2020	30	10.11	4.18	3.62	11.58	7.07	4.14	0	1	0	0	2	0	0	0	0	0	0	3	11	0
342	1990	Master	Single	59714853.50964871	0	0	01-01-2020	30	23510.39	7836.8	15673.6	11755.2	7836.8	11755.2	1	1	0	1	1	0	0	0	0	0	0	3	11	1
343	1990	Master	Single	0.0	0	0	01-01-2020	30	45041.52	15013.84	30027.68	22520.76	15013.84	22520.76	2	2	1	2	2	0	0	0	0	0	0	3	11	1
344	1990	Master	Single	1056908.3414537883	1	0	01-01-2020	30	10.93	2.45	18.89	7.51	5.4	17.68	0	1	0	0	3	0	0	0	0	0	0	3	11	0
345	1990	Master	Single	0.0	0	0	01-01-2020	30	17.04	7.51	20.67	18.52	9.67	23.99	0	1	0	0	2	0	0	0	0	0	0	3	11	0
346	1990	Master	Single	1107187874.652002	0	0	01-01-2020	30	126512.35	42170.78	84341.57	63256.18	42170.78	63256.18	2	2	1	2	3	0	0	0	0	0	0	3	11	1
347	1990	Master	Single	741835016.811474	0	0	01-01-2020	30	285.14	89.56	345.99	190.01	35.24	0.0	0	2	1	0	5	0	0	0	0	0	0	3	11	0
348	1990	Master	Single	333216.5572409481	0	0	01-01-2020	30	6.68	0.0	17.09	8.94	5.77	15.41	0	1	0	0	3	0	0	0	0	0	0	3	11	0
349	1990	Master	Single	439117714.7052949	0	0	01-01-2020	30	265273.08	88424.36	176848.72	132636.54	88424.36	132636.54	4	3	1	4	2	0	0	0	0	0	0	3	11	1
350	1990	Master	Single	0.0	0	0	01-01-2020	30	26207.18	8735.73	17471.46	13103.59	8735.73	13103.59	1	0	0	1	0	0	0	0	0	0	0	3	11	1
351	1990	Master	Single	0.0	0	0	01-01-2020	30	19583.62	6527.87	13055.75	9791.81	6527.87	9791.81	1	1	0	1	2	0	0	0	0	0	0	3	11	1
352	1990	Master	Single	53393460.18399463	0	0	01-01-2020	30	74.13	19.78	38.03	50.41	39.18	19.14	0	1	0	0	3	0	0	0	0	0	0	3	11	0
353	1990	2n Cycle	Single	1432249795.5324306	0	0	01-01-2020	30	61546.18	20515.39	41030.79	30773.09	20515.39	30773.09	1	2	1	1	3	0	0	0	0	0	0	3	11	1
354	1990	Master	Married	62490906.47430885	5	0	01-01-2020	30	31967.28	10655.76	21311.52	15983.64	10655.76	15983.64	1	1	0	1	1	0	0	0	0	0	0	3	11	1
355	1990	Master	Single	857348285.2632099	5	0	01-01-2020	30	260.27	111.53	164.93	101.07	17.3	91.48	0	0	0	0	1	0	0	0	0	0	0	3	11	0
356	1990	Master	Single	2058143506.3602748	1	0	01-01-2020	30	162135.93	54045.31	108090.62	81067.96	54045.31	81067.96	3	2	1	3	1	0	0	0	0	0	0	3	11	1
357	1990	Master	Single	0.0	0	2	01-01-2020	30	35.22	12.67	5.73	17.13	12.55	15.48	0	0	0	0	1	0	0	0	0	0	0	3	11	0
358	1990	Master	Single	0.0	0	0	01-01-2020	30	31037.76	10345.92	20691.84	15518.88	10345.92	15518.88	2	3	1	2	5	0	0	0	0	0	0	3	11	1
359	1990	Master	Single	3016921.104549081	0	0	01-01-2020	30	37766.3	12588.76	25177.53	18883.15	12588.76	18883.15	2	2	1	2	3	0	0	0	0	0	0	3	11	1
360	1990	Master	Single	0.0	0	0	01-01-2020	30	23876.42	7958.81	15917.62	11938.21	7958.81	11938.21	1	1	0	1	2	0	0	0	0	0	0	3	11	1
361	1990	Master	Single	0.0	0	0	01-01-2020	30	16044.72	5348.24	10696.48	8022.36	5348.24	8022.36	1	1	0	1	2	0	0	0	0	0	0	3	11	1
362	1990	Master	Single	1705909.6248290334	1	0	01-01-2020	30	17.37	3.0	6.62	9.29	1.0	12.88	0	0	0	0	1	0	0	0	0	0	0	3	11	0
363	1990	Master	Single	0.0	0	0	01-01-2020	30	24.7	9.51	16.84	15.74	13.95	13.39	0	1	0	0	2	0	0	0	0	0	0	3	11	0
364	1990	Master	Single	1839675.8006235692	0	2	01-01-2020	30	15508.42	5169.48	10338.95	7754.21	5169.48	7754.21	1	0	0	1	0	0	0	0	0	0	0	3	11	1
365	1990	Master	Single	125112168.64610508	0	0	01-01-2020	30	249.75	54.78	19.59	135.12	53.03	85.9	0	1	0	0	2	0	0	0	0	0	0	3	11	0
366	1990	Master	Single	8391921.776669506	0	0	01-01-2020	30	14512.53	4837.51	9675.02	7256.26	4837.51	7256.26	1	1	0	1	2	0	0	0	0	0	0	3	11	1
367	1990	Master	Single	556720.2379597523	0	2	01-01-2020	30	21308.13	7102.71	14205.42	10654.06	7102.71	10654.06	1	1	0	1	1	0	0	0	0	0	0	3	11	1
368	1990	Master	Single	132075480.22153932	0	0	01-01-2020	30	107126.54	35708.85	71417.69	53563.27	35708.85	53563.27	3	2	1	3	1	0	0	0	0	0	0	3	11	1
369	1990	Master	Single	2477453811.9327087	0	2	01-01-2020	30	100287.6	33429.2	66858.4	50143.8	33429.2	50143.8	1	2	1	1	3	0	0	0	0	0	0	3	11	1
370	1990	Master	Single	65976706.709106445	0	0	01-01-2020	30	73764.14	24588.05	49176.1	36882.07	24588.05	36882.07	1	1	0	1	2	0	0	0	0	0	0	3	11	1
371	1990	Master	Single	0.0	1	0	01-01-2020	30	13.5	5.61	25.72	11.83	14.41	4.59	0	2	1	0	4	0	0	0	0	0	0	3	11	0
372	1990	Master	Single	104443450.66077362	0	0	01-01-2020	30	62204.19	20734.73	41469.46	31102.09	20734.73	31102.09	1	0	0	1	0	0	0	0	0	0	0	3	11	1
373	1990	Master	Single	0.0	0	0	01-01-2020	30	55520.41	18506.8	37013.61	27760.21	18506.8	27760.21	2	2	1	2	2	0	0	0	0	0	0	3	11	1
374	1990	Master	Single	98864957.53380032	0	0	01-01-2020	30	170.69	103.93	136.76	108.67	64.47	97.58	0	1	0	0	3	0	0	0	0	0	0	3	11	0
375	1990	Master	Single	983172112.7221636	1	0	01-01-2020	30	78524.81	26174.94	52349.88	39262.41	26174.94	39262.41	1	2	1	1	4	0	0	0	0	0	0	3	11	1
376	1990	Master	Single	1207586125.3785126	0	0	01-01-2020	30	54164.4	18054.8	36109.6	27082.2	18054.8	27082.2	1	1	0	1	1	0	0	0	0	0	0	3	11	1
377	1990	Master	Single	74027211.28955215	0	0	01-01-2020	30	17654.79	5884.93	11769.86	8827.4	5884.93	8827.4	1	1	0	1	2	0	0	0	0	0	0	3	11	1
378	1990	Master	Married	0.0	0	0	01-01-2020	30	44.2	12.63	18.93	12.74	11.83	9.32	0	0	0	0	1	0	0	0	0	0	0	3	11	0
379	1990	Graduation	Single	0.0	0	2	01-01-2020	30	48704.57	16234.86	32469.72	24352.29	16234.86	24352.29	1	2	1	1	3	0	0	0	0	0	0	3	11	1
380	1990	Basic	Single	0.0	0	0	01-01-2020	30	27.17	24.6	9.8	12.2	9.97	0.06	0	1	0	0	3	0	0	0	0	0	0	3	11	0
381	1990	Master	Single	0.0	0	0	01-01-2020	30	36687.52	12229.18	24458.35	18343.76	12229.18	18343.76	2	1	0	2	1	0	0	0	0	0	0	3	11	1
382	1990	Master	Single	7044292.470011111	0	0	01-01-2020	30	20.28	2.67	19.61	6.16	1.92	8.79	0	1	0	0	2	0	0	0	0	0	0	3	11	0
383	1990	Master	Single	6634877.609765926	0	0	01-01-2020	30	22643.62	7547.87	15095.75	11321.81	7547.87	11321.81	2	1	0	2	0	0	0	0	0	0	0	3	11	1
384	1990	Master	Single	5772250.567997053	0	0	01-01-2020	30	46405.14	15468.38	30936.76	23202.57	15468.38	23202.57	3	3	1	3	4	0	0	0	0	0	0	3	11	1
385	1990	Master	Married	9739142.613574322	0	0	01-01-2020	30	14.1	5.46	11.35	9.25	6.6	3.35	0	1	0	0	3	0	0	0	0	0	0	3	11	0
386	1990	Master	Single	2393201.2319620396	0	0	01-01-2020	30	35328.66	11776.22	23552.44	17664.33	11776.22	17664.33	2	2	1	2	2	0	0	0	0	0	0	3	11	1
387	1990	Master	Single	3904112.626336136	0	0	01-01-2020	30	9.75	9.64	3.87	7.59	8.7	1.05	0	2	1	0	4	0	0	0	0	0	0	3	11	0
388	1990	Master	Single	0.0	0	0	01-01-2020	30	18909.3	6303.1	12606.2	9454.65	6303.1	9454.65	1	1	0	1	1	0	0	0	0	0	0	3	11	1
389	1990	Master	Single	0.0	0	0	01-01-2020	30	32143.87	10714.62	21429.25	16071.94	10714.62	16071.94	1	1	0	1	1	0	0	0	0	0	0	3	11	1
390	1990	Basic	Single	0.0	0	0	01-01-2020	30	41694.76	13898.25	27796.51	20847.38	13898.25	20847.38	1	2	1	1	3	0	0	0	0	0	0	3	11	1
391	1990	Master	Single	0.0	0	2	01-01-2020	30	29.26	7.86	8.03	13.83	6.59	16.61	0	1	0	0	2	0	0	0	0	0	0	3	11	0
392	1990	Master	Married	2038104110.5912175	0	0	01-01-2020	30	81254.2	27084.74	54169.47	40627.1	27084.74	40627.1	1	2	1	1	4	0	0	0	0	0	0	3	11	1
393	1990	Master	Single	0.0	0	0	01-01-2020	30	30681.06	10227.02	20454.04	15340.53	10227.02	15340.53	1	2	1	1	3	0	0	0	0	0	0	3	11	1
394	1990	Master	Single	7057409.126554469	0	0	01-01-2020	30	6930.22	2310.07	4620.15	3465.11	2310.07	3465.11	1	1	0	1	1	0	0	0	0	0	0	3	11	1
395	1990	Basic	Single	0.0	5	0	01-01-2020	30	39450.59	13150.2	26300.39	19725.29	13150.2	19725.29	2	2	1	2	2	0	0	0	0	0	0	3	11	1
396	1990	Master	Single	1247520232.482392	0	0	01-01-2020	30	269.4	8.35	134.56	190.59	105.34	154.25	0	1	0	0	3	0	0	0	0	0	0	3	11	0
397	1990	Master	Single	5937034.810520234	0	0	01-01-2020	30	19108.89	6369.63	12739.26	9554.45	6369.63	9554.45	1	1	0	1	2	0	0	0	0	0	0	3	11	1
398	1990	Master	Single	26015672.169846196	5	2	01-01-2020	30	79.09	10.41	22.54	31.24	27.75	14.11	0	0	0	0	1	0	0	0	0	0	0	3	11	0
399	1990	Master	Single	1926312454.2489676	1	0	01-01-2020	30	109045.9	36348.63	72697.26	54522.95	36348.63	54522.95	2	2	1	2	2	0	0	0	0	0	0	3	11	1
400	1990	Master	Single	1050168432.7615488	0	0	01-01-2020	30	106127.65	35375.88	70751.77	53063.82	35375.88	53063.82	2	1	0	2	0	0	0	0	0	0	0	3	11	1
401	1990	Master	Single	45813262.07027693	0	0	01-01-2020	30	73604.95	24534.98	49069.97	36802.48	24534.98	36802.48	2	3	1	2	4	0	0	0	0	0	0	3	11	1
402	1990	Master	Single	6564898.369143882	0	0	01-01-2020	30	14.72	4.18	8.11	9.86	1.41	7.63	0	1	0	0	2	0	0	0	0	0	0	3	11	0
403	1990	Master	Single	0.0	0	0	01-01-2020	30	44.55	11.61	31.77	19.94	5.08	9.37	0	1	0	0	3	0	0	0	0	0	0	3	11	0
404	1990	Master	Single	5213763.18346262	0	0	01-01-2020	30	18.47	4.36	11.49	7.69	6.08	7.93	0	0	0	0	1	0	0	0	0	0	0	3	11	0
405	1990	Master	Single	721117318.2773151	0	0	01-01-2020	30	285.18	13.77	171.14	138.03	130.88	225.81	0	1	0	0	2	0	0	0	0	0	0	3	11	0
406	1990	PhD	Single	0.0	0	0	01-01-2020	30	53717.51	17905.84	35811.67	26858.75	17905.84	26858.75	3	2	1	3	2	0	0	0	0	0	0	3	11	1
407	1990	Master	Single	0.0	0	0	01-01-2020	30	28843.0	9614.34	19228.67	14421.5	9614.34	14421.5	1	2	1	1	4	0	0	0	0	0	0	3	11	1
408	1990	Master	Single	67366199.96778071	1	0	01-01-2020	30	35802.28	11934.09	23868.18	17901.14	11934.09	17901.14	1	2	1	1	3	0	0	0	0	0	0	3	11	1
409	1990	Master	Single	0.0	0	0	01-01-2020	30	18.59	1.53	10.86	16.82	9.89	11.71	0	2	1	0	4	0	0	0	0	0	0	3	11	0
410	1990	Master	Single	4417734.767548057	0	0	01-01-2020	30	44971.96	14990.66	29981.31	22485.98	14990.66	22485.98	3	2	1	3	1	0	0	0	0	0	0	3	11	1
411	1990	Graduation	Single	46325589.81367057	0	0	01-01-2020	30	81.49	15.66	58.88	26.76	11.66	79.62	0	1	0	0	3	0	0	0	0	0	0	3	11	0
412	1990	Master	Single	48467961.12062292	1	0	01-01-2020	30	32837.96	10945.99	21891.97	16418.98	10945.99	16418.98	1	0	0	1	0	0	0	0	0	0	0	3	11	1
413	1990	Master	Single	54836447.562263265	1	0	01-01-2020	30	63.67	11.86	48.34	23.26	19.51	42.71	0	1	0	0	3	0	0	0	0	0	0	3	11	0
414	1990	Master	Single	772425223.5348952	0	0	01-01-2020	30	234.89	0.0	146.94	117.38	51.47	6.08	0	0	0	0	1	0	0	0	0	0	0	3	11	0
415	1990	Basic	Single	0.0	0	0	01-01-2020	30	20373.51	6791.17	13582.34	10186.75	6791.17	10186.75	1	2	1	1	3	0	0	0	0	0	0	3	11	1
416	1990	Master	Single	8084903.856895439	1	0	01-01-2020	30	24374.49	8124.83	16249.66	12187.25	8124.83	12187.25	2	2	1	2	2	0	0	0	0	0	0	3	11	1
417	1990	Master	Single	1117824409.0295427	0	0	01-01-2020	30	334.59	121.09	189.95	128.26	144.96	252.46	0	0	0	0	1	0	0	0	0	0	0	3	11	0
418	1990	Master	Single	0.0	0	0	01-01-2020	30	15502.85	5167.62	10335.24	7751.43	5167.62	7751.43	1	1	0	1	2	0	0	0	0	0	0	3	11	1
419	1990	Master	Single	0.0	0	2	01-01-2020	30	12.09	12.51	20.31	15.76	8.45	11.86	0	1	0	0	2	0	0	0	0	0	0	3	11	0
420	1990	Master	Single	0.0	0	0	01-01-2020	30	52475.9	17491.97	34983.93	26237.95	17491.97	26237.95	2	1	0	2	1	0	0	0	0	0	0	3	11	1
421	1990	Master	Single	1737999228.5414348	1	2	01-01-2020	30	347.23	67.34	136.94	123.63	108.48	177.58	0	1	0	0	3	0	0	0	0	0	0	3	11	0
422	1990	Master	Single	1075293207.587863	1	2	01-01-2020	30	184359.1	61453.03	122906.06	92179.55	61453.03	92179.55	3	2	1	3	1	0	0	0	0	0	0	3	11	1
423	1990	Master	Single	1460950687.138741	0	0	01-01-2020	30	333.91	115.35	243.98	122.48	65.26	0.0	0	1	0	0	2	0	0	0	0	0	0	3	11	0
424	1990	Master	Single	1463779176.7787416	0	0	01-01-2020	30	60909.15	20303.05	40606.1	30454.57	20303.05	30454.57	1	1	0	1	2	0	0	0	0	0	0	3	11	1
425	1990	Master	Single	2556179.9093014356	0	0	01-01-2020	30	19.71	3.26	4.45	5.52	6.44	10.38	0	0	0	0	1	0	0	0	0	0	0	3	11	0
426	1990	Master	Single	99838350.627509	1	0	01-01-2020	30	202.43	17.35	60.48	80.33	38.08	63.42	0	1	0	0	3	0	0	0	0	0	0	3	11	0
427	1990	Master	Single	65397362.97201986	0	0	01-01-2020	30	46.18	14.94	75.56	38.93	20.4	60.8	0	1	0	0	2	0	0	0	0	0	0	3	11	0
428	1990	Master	Single	780912801.0877984	0	2	01-01-2020	30	281.81	165.28	204.74	95.11	113.07	245.59	0	1	0	0	2	0	0	0	0	0	0	3	11	0
429	1990	Master	Single	1743925.8805628617	0	0	01-01-2020	30	39030.36	13010.12	26020.24	19515.18	13010.12	19515.18	2	1	0	2	1	0	0	0	0	0	0	3	11	1
430	1990	Master	Single	2802316.6776185827	0	0	01-01-2020	30	20227.91	6742.64	13485.27	10113.95	6742.64	10113.95	1	1	0	1	1	0	0	0	0	0	0	3	11	1
431	1990	Master	Single	0.0	0	0	01-01-2020	30	16861.54	5620.51	11241.02	8430.77	5620.51	8430.77	1	2	1	1	4	0	0	0	0	0	0	3	11	1
432	1990	Master	Single	0.0	0	0	01-01-2020	30	15.28	4.81	19.2	4.57	5.93	8.44	0	3	1	0	6	0	0	0	0	0	0	3	11	0
433	1990	Master	Single	2000289587.374649	0	0	01-01-2020	30	477.49	42.1	297.29	206.0	88.54	51.52	0	1	0	0	3	0	0	0	0	0	0	3	11	0
434	1990	Master	Single	0.0	0	2	01-01-2020	30	28.55	15.32	20.59	9.68	14.64	6.8	0	0	0	0	1	0	0	0	0	0	0	3	11	0
435	1990	Master	Married	1565042.4730633646	0	0	01-01-2020	30	16028.62	5342.87	10685.75	8014.31	5342.87	8014.31	1	1	0	1	1	0	0	0	0	0	0	3	11	1
436	1990	Master	Single	0.0	0	0	01-01-2020	30	24125.39	8041.8	16083.59	12062.7	8041.8	12062.7	1	3	1	1	6	0	0	0	0	0	0	3	11	1
437	1990	Master	Single	0.0	0	2	01-01-2020	30	31.44	5.5	24.55	15.15	3.3	37.98	0	0	0	0	1	0	0	0	0	0	0	3	11	0
438	1990	Master	Single	63946616.17505484	0	0	01-01-2020	30	52229.76	17409.92	34819.84	26114.88	17409.92	26114.88	1	2	1	1	3	0	0	0	0	0	0	3	11	1
439	1990	Master	Single	0.0	0	0	01-01-2020	30	40.01	10.8	25.66	6.5	12.82	0.0	0	2	1	0	4	0	0	0	0	0	0	3	11	0
440	1990	Master	Single	0.0	0	0	01-01-2020	30	17.57	5.76	17.0	7.5	3.55	27.55	0	1	0	0	2	0	0	0	0	0	0	3	11	0
441	1990	Master	Single	110333761.82352318	0	0	01-01-2020	30	67235.91	22411.97	44823.94	33617.96	22411.97	33617.96	1	1	0	1	1	0	0	0	0	0	0	3	11	1
442	1990	Master	Single	0.0	1	0	01-01-2020	30	23.41	3.99	6.64	3.62	6.65	9.4	0	1	0	0	2	0	0	0	0	0	0	3	11	0
443	1990	Master	Single	646105782.650481	0	0	01-01-2020	30	396.77	132.83	140.6	144.04	68.98	151.43	0	2	1	0	4	0	0	0	0	0	0	3	11	0
444	1990	Master	Single	6836603.310537429	0	0	01-01-2020	30	20.04	2.75	4.77	9.17	3.73	2.01	0	1	0	0	2	0	0	0	0	0	0	3	11	0
445	1990	Master	Single	47451078.45198389	1	0	01-01-2020	30	72.5	27.07	47.89	40.92	3.92	41.52	0	1	0	0	2	0	0	0	0	0	0	3	11	0
446	1990	Master	Married	0.0	5	0	01-01-2020	30	41.91	9.56	28.33	1.23	6.95	29.25	0	2	1	0	4	0	0	0	0	0	0	3	11	0
447	1990	Master	Single	0.0	0	0	01-01-2020	30	12756.53	4252.18	8504.35	6378.27	4252.18	6378.27	1	1	0	1	1	0	0	0	0	0	0	3	11	1
448	1990	Master	Single	42722807.2081081	0	2	01-01-2020	30	43820.66	14606.89	29213.77	21910.33	14606.89	21910.33	1	1	0	1	2	0	0	0	0	0	0	3	11	1
449	1990	Master	Single	0.0	0	2	01-01-2020	30	32362.6	10787.54	21575.07	16181.3	10787.54	16181.3	1	1	0	1	2	0	0	0	0	0	0	3	11	1
450	1990	Master	Single	0.0	0	0	01-01-2020	30	23.14	5.17	11.61	25.85	12.1	18.35	0	1	0	0	3	0	0	0	0	0	0	3	11	0
451	1990	Master	Single	7881630.508063201	0	0	01-01-2020	30	27983.82	9327.94	18655.88	13991.91	9327.94	13991.91	2	2	1	2	2	0	0	0	0	0	0	3	11	1
452	1990	Master	Single	0.0	0	0	01-01-2020	30	34027.21	11342.4	22684.8	17013.6	11342.4	17013.6	2	1	0	2	0	0	0	0	0	0	0	3	11	1
453	1990	Master	Single	5846207.0729355365	0	2	01-01-2020	30	16.6	2.57	7.27	3.92	8.09	8.09	0	0	0	0	1	0	0	0	0	0	0	3	11	0
454	1990	Master	Single	529801993.1836944	0	0	01-01-2020	30	364.77	87.67	280.16	233.63	136.59	264.6	0	1	0	0	2	0	0	0	0	0	0	3	11	0
455	1990	Master	Single	0.0	0	0	01-01-2020	30	177554.44	59184.81	118369.63	88777.22	59184.81	88777.22	3	1	0	3	0	0	0	0	0	0	0	3	11	1
456	1990	2n Cycle	Single	3799135.728332805	5	0	01-01-2020	30	29402.48	9800.83	19601.65	14701.24	9800.83	14701.24	2	2	1	2	2	0	0	0	0	0	0	3	11	1
457	1990	Master	Single	2380506518.1439934	5	2	01-01-2020	30	160.62	132.27	60.17	146.05	150.43	100.5	0	2	1	0	5	0	0	0	0	0	0	3	11	0
458	1990	Master	Single	1413406523.6023085	0	0	01-01-2020	30	228.01	161.36	368.81	145.37	61.55	205.54	0	2	1	0	4	0	0	0	0	0	0	3	11	0
459	1990	Master	Single	1700119155.6514812	0	0	01-01-2020	30	164186.63	54728.88	109457.75	82093.31	54728.88	82093.31	2	3	1	2	4	0	0	0	0	0	0	3	11	1
460	1990	Master	Single	1873360365.9064536	0	0	01-01-2020	30	42719.69	14239.9	28479.79	21359.84	14239.9	21359.84	1	2	1	1	3	0	0	0	0	0	0	3	11	1
461	1990	Master	Single	1727914343.2577796	0	0	01-01-2020	30	69532.8	23177.6	46355.2	34766.4	23177.6	34766.4	1	2	1	1	3	0	0	0	0	0	0	3	11	1
462	1990	Master	Single	347418446.6620157	0	0	01-01-2020	30	73768.12	24589.37	49178.74	36884.06	24589.37	36884.06	1	1	0	1	2	0	0	0	0	0	0	3	11	1
463	1990	Master	Single	55963347.253322475	1	2	01-01-2020	30	69932.78	23310.93	46621.86	34966.39	23310.93	34966.39	2	1	0	2	1	0	0	0	0	0	0	3	11	1
464	1990	Master	Single	0.0	0	2	01-01-2020	30	44012.33	14670.78	29341.55	22006.16	14670.78	22006.16	2	1	0	2	1	0	0	0	0	0	0	3	11	1
465	1990	Master	Single	5806982.662249517	0	0	01-01-2020	30	19.58	6.43	3.47	10.42	5.16	7.32	0	3	1	0	6	0	0	0	0	0	0	3	11	0
466	1990	Master	Single	50024655.581963375	0	0	01-01-2020	30	24204.34	8068.12	16136.23	12102.17	8068.12	12102.17	1	2	1	1	3	0	0	0	0	0	0	3	11	1
467	1990	Master	Single	30170031.73820401	0	0	01-01-2020	30	57.39	6.3	18.95	38.11	26.82	23.89	0	1	0	0	2	0	0	0	0	0	0	3	11	0
468	1990	Master	Single	0.0	0	0	01-01-2020	30	20.79	4.56	5.31	15.51	4.22	11.07	0	0	0	0	1	0	0	0	0	0	0	3	11	0
469	1990	Master	Single	0.0	0	0	01-01-2020	30	12.01	8.94	27.45	29.94	9.98	10.75	0	1	0	0	3	0	0	0	0	0	0	3	11	0
470	1990	Master	Single	5392941.844177714	0	0	01-01-2020	30	12.72	3.2	4.41	3.06	6.69	4.77	0	2	1	0	4	0	0	0	0	0	0	3	11	0
471	1990	2n Cycle	Single	1397223995.356658	1	0	01-01-2020	30	276.35	121.64	175.62	137.72	126.73	36.01	0	1	0	0	2	0	0	0	0	0	0	3	11	0
472	1990	Master	Single	1143248275.4452362	0	2	01-01-2020	30	62983.84	20994.62	41989.23	31491.92	20994.62	31491.92	1	1	0	1	2	0	0	0	0	0	0	3	11	1
473	1990	Master	Single	192305405.5861578	1	0	01-01-2020	30	77345.04	25781.68	51563.36	38672.52	25781.68	38672.52	1	1	0	1	2	0	0	0	0	0	0	3	11	1
474	1990	Master	Single	49513769.75274712	0	5	01-01-2020	30	23867.96	7955.99	15911.97	11933.98	7955.99	11933.98	1	1	0	1	2	0	0	0	0	0	0	3	11	1
475	1990	Master	Single	0.0	0	0	01-01-2020	30	22.61	1.83	37.39	13.07	12.74	21.92	0	1	0	0	3	0	0	0	0	0	0	3	11	0
476	1990	Master	Single	1911784379.576276	0	0	01-01-2020	30	347.3	126.2	169.38	155.75	46.94	96.93	0	2	1	0	4	0	0	0	0	0	0	3	11	0
477	1990	Master	Single	1354592.0907812854	0	0	01-01-2020	30	8287.9	2762.63	5525.27	4143.95	2762.63	4143.95	1	1	0	1	2	0	0	0	0	0	0	3	11	1
478	1990	Master	Single	0.0	0	0	01-01-2020	30	23947.48	7982.49	15964.99	11973.74	7982.49	11973.74	1	1	0	1	1	0	0	0	0	0	0	3	11	1
479	1990	Master	Married	70934506.3975636	0	0	01-01-2020	30	76179.22	25393.07	50786.15	38089.61	25393.07	38089.61	2	3	1	2	4	0	0	0	0	0	0	3	11	1
480	1990	Master	Single	0.0	0	0	01-01-2020	30	18226.42	6075.48	12150.95	9113.21	6075.48	9113.21	1	1	0	1	2	0	0	0	0	0	0	3	11	1
481	1990	Graduation	Single	304561430.3690498	1	2	01-01-2020	30	85898.17	28632.72	57265.44	42949.08	28632.72	42949.08	2	1	0	2	1	0	0	0	0	0	0	3	11	1
482	1990	Master	Single	6793743.961515585	0	0	01-01-2020	30	11594.64	3864.88	7729.76	5797.32	3864.88	5797.32	1	1	0	1	1	0	0	0	0	0	0	3	11	1
483	1990	Master	Single	98094891.41905683	0	0	01-01-2020	30	199.64	44.47	165.75	33.21	62.07	87.77	0	1	0	0	2	0	0	0	0	0	0	3	11	0
484	1990	Master	Single	0.0	1	0	01-01-2020	30	15247.88	5082.63	10165.26	7623.94	5082.63	7623.94	1	1	0	1	1	0	0	0	0	0	0	3	11	1
485	1990	Master	Married	36210.8814473385	0	0	01-01-2020	30	29468.34	9822.78	19645.56	14734.17	9822.78	14734.17	1	1	0	1	2	0	0	0	0	0	0	3	11	1
486	1990	Master	Single	2610771778.8182607	5	0	01-01-2020	30	337.94	121.03	216.22	123.28	78.67	140.24	0	1	0	0	2	0	0	0	0	0	0	3	11	0
487	1990	Master	Single	747073746.9318883	0	0	01-01-2020	30	93228.06	31076.02	62152.04	46614.03	31076.02	46614.03	2	2	1	2	2	0	0	0	0	0	0	3	11	1
488	1990	Master	Married	993017022.3783476	0	2	01-01-2020	30	49983.47	16661.16	33322.31	24991.74	16661.16	24991.74	1	2	1	1	3	0	0	0	0	0	0	3	11	1
489	1990	Master	Single	145991604.0936345	0	0	01-01-2020	30	358.3	128.69	136.81	164.43	77.55	0.0	0	0	0	0	1	0	0	0	0	0	0	3	11	0
490	1990	Master	Single	7295523.665360365	0	0	01-01-2020	30	19772.56	6590.85	13181.71	9886.28	6590.85	9886.28	1	2	1	1	3	0	0	0	0	0	0	3	11	1
491	1990	Master	Single	5160223.819899989	0	0	01-01-2020	30	13.21	1.0	14.63	4.99	9.11	8.94	0	1	0	0	2	0	0	0	0	0	0	3	11	0
492	1990	Master	Single	101781400.2139985	5	0	01-01-2020	30	95.37	17.57	68.29	81.09	50.51	180.19	0	1	0	0	2	0	0	0	0	0	0	3	11	0
493	1990	Master	Single	0.0	0	0	01-01-2020	30	24331.21	8110.4	16220.81	12165.6	8110.4	12165.6	1	1	0	1	1	0	0	0	0	0	0	3	11	1
494	1990	Master	Single	2000098.5821727328	0	2	01-01-2020	30	19088.09	6362.7	12725.39	9544.05	6362.7	9544.05	1	2	1	1	4	0	0	0	0	0	0	3	11	1
495	1990	Master	Married	374410763.78698325	0	0	01-01-2020	30	186.0	123.37	242.12	108.87	95.5	171.07	0	2	1	0	4	0	0	0	0	0	0	3	11	0
496	1990	Master	Single	0.0	0	0	01-01-2020	30	21793.47	7264.49	14528.98	10896.74	7264.49	10896.74	1	0	0	1	0	0	0	0	0	0	0	3	11	1
497	1990	Master	Single	1739084449.1416385	0	0	01-01-2020	30	286.23	97.11	228.11	138.47	140.26	154.61	0	1	0	0	2	0	0	0	0	0	0	3	11	0
498	1990	Master	Single	63871977.46838489	1	0	01-01-2020	30	78.46	16.47	37.82	37.1	0.48	63.54	0	0	0	0	1	0	0	0	0	0	0	3	11	0
499	1990	Master	Single	4366429.8250421425	0	0	01-01-2020	30	16416.43	5472.14	10944.29	8208.22	5472.14	8208.22	1	1	0	1	2	0	0	0	0	0	0	3	11	1
500	1990	Master	Single	7446719.996224443	0	0	01-01-2020	30	21580.85	7193.62	14387.23	10790.43	7193.62	10790.43	1	2	1	1	3	0	0	0	0	0	0	3	11	1
501	1990	2n Cycle	Single	1531696123.282403	0	0	01-01-2020	30	232.03	94.16	279.96	56.65	126.05	108.04	0	2	1	0	5	0	0	0	0	0	0	3	11	0
502	1990	Master	Single	1187896372.1380424	0	2	01-01-2020	30	73213.99	24404.66	48809.32	36606.99	24404.66	36606.99	1	2	1	1	4	0	0	0	0	0	0	3	11	1
503	1990	Master	Single	3712593.712890875	0	2	01-01-2020	30	13019.45	4339.82	8679.63	6509.73	4339.82	6509.73	1	2	1	1	3	0	0	0	0	0	0	3	11	1
504	1990	Basic	Single	1279846175.1146967	0	0	01-01-2020	30	244.86	174.97	228.66	181.84	108.15	104.13	0	0	0	0	1	0	0	0	0	0	0	3	11	0
505	1990	Master	Single	1966193339.9654171	0	2	01-01-2020	30	311.58	0.0	164.14	128.23	95.3	39.37	0	1	0	0	2	0	0	0	0	0	0	3	11	0
506	1990	Basic	Single	1974106478.7242432	0	0	01-01-2020	30	349.32	159.25	110.59	173.6	138.1	135.91	0	2	1	0	4	0	0	0	0	0	0	3	11	0
507	1990	Master	Single	114105079.3738144	0	0	01-01-2020	30	41808.94	13936.31	27872.62	20904.47	13936.31	20904.47	1	0	0	1	0	0	0	0	0	0	0	3	11	1
508	1990	Master	Single	0.0	0	0	01-01-2020	30	15810.75	5270.25	10540.5	7905.38	5270.25	7905.38	1	1	0	1	2	0	0	0	0	0	0	3	11	1
509	1990	Master	Single	867345322.9896636	0	0	01-01-2020	30	64223.2	21407.73	42815.47	32111.6	21407.73	32111.6	1	2	1	1	3	0	0	0	0	0	0	3	11	1
510	1990	Master	Single	0.0	1	0	01-01-2020	30	39.5	4.64	22.43	20.63	11.09	14.11	0	0	0	0	1	0	0	0	0	0	0	3	11	0
511	1990	Master	Single	996345049.2711498	0	0	01-01-2020	30	77490.38	25830.13	51660.25	38745.19	25830.13	38745.19	1	1	0	1	2	0	0	0	0	0	0	3	11	1
512	1990	Master	Single	52442981.45914433	1	0	01-01-2020	30	66394.04	22131.34	44262.69	33197.02	22131.34	33197.02	2	2	1	2	3	0	0	0	0	0	0	3	11	1
513	1990	Master	Single	707472418.948463	0	0	01-01-2020	30	73403.45	24467.82	48935.63	36701.72	24467.82	36701.72	1	1	0	1	2	0	0	0	0	0	0	3	11	1
514	1990	Master	Single	0.0	0	2	01-01-2020	30	17709.32	5903.11	11806.21	8854.66	5903.11	8854.66	1	1	0	1	1	0	0	0	0	0	0	3	11	1
515	1990	Master	Single	0.0	0	0	01-01-2020	30	35789.14	11929.71	23859.43	17894.57	11929.71	17894.57	2	3	1	2	5	0	0	0	0	0	0	3	11	1
516	1990	Master	Single	2121546.6926086624	0	0	01-01-2020	30	16.36	10.06	15.85	10.59	7.75	3.47	0	2	1	0	4	0	0	0	0	0	0	3	11	0
517	1990	Master	Single	1386118602.6174386	0	0	01-01-2020	30	336.17	100.01	65.04	230.54	119.35	0.0	0	0	0	0	1	0	0	0	0	0	0	3	11	0
518	1990	Master	Single	0.0	1	0	01-01-2020	30	68593.16	22864.39	45728.77	34296.58	22864.39	34296.58	2	3	1	2	4	0	0	0	0	0	0	3	11	1
519	1990	Master	Single	3656972.711122769	0	0	01-01-2020	30	14747.76	4915.92	9831.84	7373.88	4915.92	7373.88	1	2	1	1	3	0	0	0	0	0	0	3	11	1
520	1990	Master	Single	42014631.00934322	0	0	01-01-2020	30	58763.67	19587.89	39175.78	29381.84	19587.89	29381.84	2	2	1	2	2	0	0	0	0	0	0	3	11	1
521	1990	Master	Single	55577586.91876132	1	0	01-01-2020	30	49185.02	16395.01	32790.01	24592.51	16395.01	24592.51	2	2	1	2	2	0	0	0	0	0	0	3	11	1
522	1990	Master	Single	0.0	5	0	01-01-2020	30	40.61	7.97	16.95	17.33	11.45	12.9	0	1	0	0	3	0	0	0	0	0	0	3	11	0
523	1990	Master	Single	13408915.093503691	0	0	01-01-2020	30	31415.75	10471.92	20943.84	15707.88	10471.92	15707.88	2	1	0	2	1	0	0	0	0	0	0	3	11	1
524	1990	Master	Single	3879358.8892361703	5	0	01-01-2020	30	16573.42	5524.47	11048.95	8286.71	5524.47	8286.71	1	2	1	1	4	0	0	0	0	0	0	3	11	1
525	1990	Basic	Single	0.0	1	0	01-01-2020	30	54002.51	18000.84	36001.67	27001.26	18000.84	27001.26	2	1	0	2	0	0	0	0	0	0	0	3	11	1
526	1990	Master	Single	0.0	0	0	01-01-2020	30	49645.81	16548.6	33097.21	24822.91	16548.6	24822.91	2	1	0	2	1	0	0	0	0	0	0	3	11	1
527	1990	Master	Single	118599121.07341462	0	0	01-01-2020	30	128.15	53.43	84.91	92.29	55.26	54.54	0	1	0	0	3	0	0	0	0	0	0	3	11	0
528	1990	Master	Single	0.0	0	0	01-01-2020	30	24.67	15.82	7.37	12.74	8.78	7.08	0	1	0	0	2	0	0	0	0	0	0	3	11	0
529	1990	Master	Single	8204094.063372183	0	0	01-01-2020	30	9676.75	3225.58	6451.16	4838.37	3225.58	4838.37	1	1	0	1	1	0	0	0	0	0	0	3	11	1
530	1990	Graduation	Single	0.0	0	0	01-01-2020	30	42518.69	14172.9	28345.79	21259.34	14172.9	21259.34	1	0	0	1	0	0	0	0	0	0	0	3	11	1
531	1990	Master	Single	52972946.98976244	0	0	01-01-2020	30	22.64	15.92	36.76	11.25	20.77	36.33	0	1	0	0	3	0	0	0	0	0	0	3	11	0
532	1990	Master	Single	115453409.31919403	0	2	01-01-2020	30	126826.49	42275.5	84550.99	63413.24	42275.5	63413.24	3	2	1	3	2	0	0	0	0	0	0	3	11	1
533	1990	Master	Single	1099310300.8088305	0	0	01-01-2020	30	61236.35	20412.12	40824.23	30618.17	20412.12	30618.17	1	2	1	1	3	0	0	0	0	0	0	3	11	1
534	1990	Master	Single	789361485.1130732	0	0	01-01-2020	30	40584.15	13528.05	27056.1	20292.07	13528.05	20292.07	1	1	0	1	1	0	0	0	0	0	0	3	11	1
535	1990	Master	Single	1874250577.6758869	0	0	01-01-2020	30	102397.3	34132.43	68264.86	51198.65	34132.43	51198.65	2	2	1	2	3	0	0	0	0	0	0	3	11	1
536	1990	Master	Single	0.0	0	2	01-01-2020	30	29346.23	9782.08	19564.16	14673.12	9782.08	14673.12	1	1	0	1	1	0	0	0	0	0	0	3	11	1
537	1990	Master	Single	0.0	0	0	01-01-2020	30	29741.89	9913.96	19827.92	14870.94	9913.96	14870.94	1	0	0	1	0	0	0	0	0	0	0	3	11	1
538	1990	Master	Single	5207118.498385336	0	0	01-01-2020	30	28531.59	9510.53	19021.06	14265.79	9510.53	14265.79	2	2	1	2	3	0	0	0	0	0	0	3	11	1
539	1990	Master	Single	0.0	0	0	01-01-2020	30	26560.16	8853.39	17706.77	13280.08	8853.39	13280.08	1	1	0	1	1	0	0	0	0	0	0	3	11	1
540	1990	Master	Single	5197915.979903365	0	0	01-01-2020	30	6249.46	2083.15	4166.3	3124.73	2083.15	3124.73	1	2	1	1	3	0	0	0	0	0	0	3	11	1
541	1990	Master	Single	0.0	0	0	01-01-2020	30	25095.74	8365.25	16730.49	12547.87	8365.25	12547.87	1	2	1	1	3	0	0	0	0	0	0	3	11	1
542	1990	Master	Single	47835351.28063133	1	0	01-01-2020	30	32.53	10.52	42.29	38.31	11.23	8.85	0	0	0	0	1	0	0	0	0	0	0	3	11	0
543	1990	Master	Single	0.0	0	2	01-01-2020	30	40657.87	13552.62	27105.24	20328.93	13552.62	20328.93	2	1	0	2	1	0	0	0	0	0	0	3	11	1
544	1990	Master	Single	62108875.03429273	0	2	01-01-2020	30	21937.95	7312.65	14625.3	10968.97	7312.65	10968.97	1	3	1	1	6	0	0	0	0	0	0	3	11	1
545	1990	Master	Single	1795963254.3205235	0	0	01-01-2020	30	345.64	9.24	107.83	167.95	127.59	71.88	0	1	0	0	2	0	0	0	0	0	0	3	11	0
546	1990	Master	Single	47918398.16963974	0	2	01-01-2020	30	73.13	33.24	18.5	19.78	14.93	21.51	0	2	1	0	4	0	0	0	0	0	0	3	11	0
547	1990	Master	Single	54872786.66013695	0	5	01-01-2020	30	41.97	20.41	12.26	40.8	13.55	42.76	0	2	1	0	4	0	0	0	0	0	0	3	11	0
548	1990	Master	Single	6075442.313445779	0	2	01-01-2020	30	13992.84	4664.28	9328.56	6996.42	4664.28	6996.42	1	2	1	1	3	0	0	0	0	0	0	3	11	1
549	1990	Master	Single	0.0	0	0	01-01-2020	30	12.17	5.23	0.0	7.04	4.32	0.0	0	1	0	0	2	0	0	0	0	0	0	3	11	0
550	1990	Master	Single	644012673.779993	0	0	01-01-2020	30	54496.96	18165.65	36331.3	27248.48	18165.65	27248.48	1	0	0	1	0	0	0	0	0	0	0	3	11	1
551	1990	Master	Single	57323127.27680071	0	0	01-01-2020	30	55409.63	18469.88	36939.76	27704.82	18469.88	27704.82	1	0	0	1	0	0	0	0	0	0	0	3	11	1
552	1990	Master	Single	0.0	0	0	01-01-2020	30	14.96	8.71	7.52	5.62	1.84	0.0	0	1	0	0	2	0	0	0	0	0	0	3	11	0
553	1990	Master	Single	5279748.77177042	1	0	01-01-2020	30	6075.45	2025.15	4050.3	3037.72	2025.15	3037.72	1	1	0	1	2	0	0	0	0	0	0	3	11	1
554	1990	Master	Single	0.0	0	0	01-01-2020	30	33.78	12.67	8.0	25.71	5.74	28.47	0	0	0	0	1	0	0	0	0	0	0	3	11	0
555	1990	Master	Single	768129090.6660328	0	0	01-01-2020	30	311.95	132.56	365.98	137.51	76.64	217.48	0	1	0	0	2	0	0	0	0	0	0	3	11	0
556	1990	Master	Single	1034276802.841314	0	0	01-01-2020	30	278.84	220.06	66.41	196.55	37.12	145.87	0	1	0	0	3	0	0	0	0	0	0	3	11	0
557	1990	Master	Single	1666310844.6167276	0	0	01-01-2020	30	63811.92	21270.64	42541.28	31905.96	21270.64	31905.96	1	1	0	1	2	0	0	0	0	0	0	3	11	1
558	1990	Master	Single	1482051.5375465848	0	0	01-01-2020	30	28840.56	9613.52	19227.04	14420.28	9613.52	14420.28	2	1	0	2	1	0	0	0	0	0	0	3	11	1
559	1990	Master	Single	124756594.0496504	1	0	01-01-2020	30	34843.08	11614.36	23228.72	17421.54	11614.36	17421.54	1	2	1	1	3	0	0	0	0	0	0	3	11	1
560	1990	Master	Single	0.0	0	0	01-01-2020	30	49292.14	16430.71	32861.43	24646.07	16430.71	24646.07	2	1	0	2	1	0	0	0	0	0	0	3	11	1
561	1990	Master	Single	8808491.51702246	1	0	01-01-2020	30	13.33	4.87	11.18	7.98	4.99	7.06	0	2	1	0	4	0	0	0	0	0	0	3	11	0
562	1990	Master	Single	0.0	0	0	01-01-2020	30	33.78	9.47	10.54	16.98	12.05	21.85	0	0	0	0	1	0	0	0	0	0	0	3	11	0
563	1990	Master	Single	0.0	0	0	01-01-2020	30	19.99	7.82	12.55	8.07	1.75	0.0	0	1	0	0	3	0	0	0	0	0	0	3	11	0
564	1990	Master	Single	0.0	0	0	01-01-2020	30	26755.79	8918.6	17837.2	13377.9	8918.6	13377.9	1	2	1	1	3	0	0	0	0	0	0	3	11	1
565	1990	Master	Single	0.0	0	5	01-01-2020	30	26665.8	8888.6	17777.2	13332.9	8888.6	13332.9	1	2	1	1	3	0	0	0	0	0	0	3	11	1
566	1990	Master	Single	53365680.90441163	0	0	01-01-2020	30	70.87	7.35	28.71	31.28	19.4	16.79	0	2	1	0	4	0	0	0	0	0	0	3	11	0
567	1990	Master	Single	1603313763.251123	1	0	01-01-2020	30	306.65	140.79	241.31	179.77	149.21	226.8	0	1	0	0	2	0	0	0	0	0	0	3	11	0
568	1990	Master	Single	1860592.4699875417	0	0	01-01-2020	30	9282.76	3094.26	6188.51	4641.38	3094.26	4641.38	1	1	0	1	1	0	0	0	0	0	0	3	11	1
569	1990	Master	Single	480164359.2419493	0	0	01-01-2020	30	29773.89	9924.63	19849.26	14886.94	9924.63	14886.94	1	1	0	1	2	0	0	0	0	0	0	3	11	1
570	1990	Basic	Single	0.0	0	2	01-01-2020	30	30.85	13.5	42.07	14.09	2.59	27.22	0	1	0	0	3	0	0	0	0	0	0	3	11	0
571	1990	Master	Single	1088414176.5541997	0	0	01-01-2020	30	247.75	117.64	210.07	133.57	172.88	234.6	0	0	0	0	1	0	0	0	0	0	0	3	11	0
572	1990	Master	Single	624619.4307998153	0	5	01-01-2020	30	20706.27	6902.09	13804.18	10353.13	6902.09	10353.13	2	2	1	2	2	0	0	0	0	0	0	3	11	1
573	1990	Master	Single	0.0	1	0	01-01-2020	30	60867.25	20289.08	40578.17	30433.62	20289.08	30433.62	2	1	0	2	1	0	0	0	0	0	0	3	11	1
574	1990	Master	Single	13846360.05576567	1	0	01-01-2020	30	14937.15	4979.05	9958.1	7468.57	4979.05	7468.57	1	1	0	1	2	0	0	0	0	0	0	3	11	1
575	1990	Master	Single	63749716.90280915	1	2	01-01-2020	30	82.25	33.82	64.05	19.81	25.99	50.69	0	1	0	0	3	0	0	0	0	0	0	3	11	0
576	1990	Master	Single	0.0	0	0	01-01-2020	30	13.82	9.38	37.91	16.53	20.02	21.25	0	2	1	0	4	0	0	0	0	0	0	3	11	0
577	1990	Master	Single	0.0	0	1	01-01-2020	30	45.98	4.78	0.0	10.5	11.97	10.05	0	0	0	0	1	0	0	0	0	0	0	3	11	0
578	1990	Master	Single	94561258.59395956	0	2	01-01-2020	30	155.34	50.42	96.85	79.92	64.55	94.69	0	0	0	0	1	0	0	0	0	0	0	3	11	0
579	1990	Master	Single	0.0	0	0	01-01-2020	30	27959.3	9319.77	18639.54	13979.65	9319.77	13979.65	2	2	1	2	2	0	0	0	0	0	0	3	11	1
580	1990	Master	Single	0.0	0	0	01-01-2020	30	24.8	7.03	16.0	21.52	7.93	15.41	0	0	0	0	1	0	0	0	0	0	0	3	11	0
581	1990	Master	Single	0.0	0	0	01-01-2020	30	17.33	8.78	23.64	15.13	4.83	14.04	0	1	0	0	2	0	0	0	0	0	0	3	11	0
582	1990	Master	Single	4663322.706019102	0	0	01-01-2020	30	14.14	3.63	11.31	6.34	3.37	6.1	0	1	0	0	2	0	0	0	0	0	0	3	11	0
583	1990	Master	Single	0.0	1	0	01-01-2020	30	32.92	10.05	7.33	16.84	12.78	23.02	0	1	0	0	2	0	0	0	0	0	0	3	11	0
584	1990	Master	Single	45689477.02080232	0	0	01-01-2020	30	39.19	13.76	44.92	39.67	16.79	19.82	0	0	0	0	1	0	0	0	0	0	0	3	11	0
585	1990	Master	Single	0.0	0	2	01-01-2020	30	24.67	7.38	14.31	11.42	6.65	30.57	0	0	0	0	1	0	0	0	0	0	0	3	11	0
586	1990	Master	Single	3508264.7734438423	0	0	01-01-2020	30	13.78	6.85	4.85	8.75	7.89	6.77	0	1	0	0	2	0	0	0	0	0	0	3	11	0
587	1990	Master	Single	0.0	0	2	01-01-2020	30	23685.99	7895.33	15790.66	11843.0	7895.33	11843.0	1	1	0	1	1	0	0	0	0	0	0	3	11	1
588	1990	Master	Single	0.0	1	0	01-01-2020	30	32.91	16.4	32.79	17.36	11.35	31.21	0	2	1	0	4	0	0	0	0	0	0	3	11	0
589	1990	Master	Single	0.0	0	0	01-01-2020	30	52054.4	17351.47	34702.93	26027.2	17351.47	26027.2	2	2	1	2	2	0	0	0	0	0	0	3	11	1
590	1990	Master	Single	1585940106.0195973	1	0	01-01-2020	30	67572.07	22524.02	45048.05	33786.03	22524.02	33786.03	1	1	0	1	2	0	0	0	0	0	0	3	11	1
591	1990	Master	Single	0.0	0	0	01-01-2020	30	19310.83	6436.94	12873.88	9655.41	6436.94	9655.41	1	1	0	1	2	0	0	0	0	0	0	3	11	1
592	1990	Master	Single	1648212783.3351743	0	0	01-01-2020	30	324.14	67.52	209.16	196.57	117.16	173.49	0	1	0	0	2	0	0	0	0	0	0	3	11	0
593	1990	Master	Single	1001886046.106826	1	0	01-01-2020	30	45384.24	15128.08	30256.16	22692.12	15128.08	22692.12	1	1	0	1	1	0	0	0	0	0	0	3	11	1
594	1990	Master	Single	236969972.3200772	0	2	01-01-2020	30	93502.94	31167.65	62335.29	46751.47	31167.65	46751.47	2	2	1	2	2	0	0	0	0	0	0	3	11	1
595	1990	Master	Single	4475466.273332322	0	0	01-01-2020	30	12.95	2.28	1.74	8.42	3.6	9.71	0	0	0	0	1	0	0	0	0	0	0	3	11	0
596	1990	Master	Single	1522427931.9186597	0	0	01-01-2020	30	62150.23	20716.74	41433.49	31075.12	20716.74	31075.12	1	2	1	1	3	0	0	0	0	0	0	3	11	1
597	1990	Master	Single	0.0	0	2	01-01-2020	30	42103.89	14034.63	28069.26	21051.94	14034.63	21051.94	2	1	0	2	1	0	0	0	0	0	0	3	11	1
598	1990	Master	Single	0.0	0	5	01-01-2020	30	22.71	11.51	23.61	14.93	7.52	30.02	0	0	0	0	1	0	0	0	0	0	0	3	11	0
599	1990	Master	Single	3532975.0233480455	0	0	01-01-2020	30	15996.74	5332.25	10664.49	7998.37	5332.25	7998.37	1	2	1	1	3	0	0	0	0	0	0	3	11	1
600	1990	Master	Single	0.0	0	0	01-01-2020	30	18575.62	6191.87	12383.75	9287.81	6191.87	9287.81	1	1	0	1	1	0	0	0	0	0	0	3	11	1
601	1990	Master	Single	1911763524.5928671	0	0	01-01-2020	30	441.78	0.0	157.15	209.23	72.62	126.84	0	1	0	0	3	0	0	0	0	0	0	3	11	0
602	1990	Master	Single	59354564.99615193	0	0	01-01-2020	30	24494.5	8164.83	16329.67	12247.25	8164.83	12247.25	2	2	1	2	2	0	0	0	0	0	0	3	11	1
603	1990	Master	Single	700574922.237365	0	0	01-01-2020	30	64807.19	21602.4	43204.8	32403.6	21602.4	32403.6	1	2	1	1	3	0	0	0	0	0	0	3	11	1
604	1990	Master	Single	3085189.366317643	0	0	01-01-2020	30	23279.9	7759.97	15519.94	11639.95	7759.97	11639.95	1	0	0	1	0	0	0	0	0	0	0	3	11	1
605	1990	Master	Single	0.0	0	0	01-01-2020	30	31.22	7.46	3.08	14.78	13.07	28.22	0	1	0	0	2	0	0	0	0	0	0	3	11	0
606	1990	Master	Single	0.0	1	0	01-01-2020	30	55.87	3.43	29.55	11.17	15.13	24.36	0	1	0	0	2	0	0	0	0	0	0	3	11	0
607	1990	Master	Single	0.0	0	0	01-01-2020	30	22963.93	7654.64	15309.29	11481.97	7654.64	11481.97	1	1	0	1	2	0	0	0	0	0	0	3	11	1
608	1990	Master	Single	1317598981.0874257	0	0	01-01-2020	30	27876.68	9292.23	18584.46	13938.34	9292.23	13938.34	1	1	0	1	1	0	0	0	0	0	0	3	11	1
609	1990	Master	Single	130000112.33489572	0	0	01-01-2020	30	38717.96	12905.99	25811.97	19358.98	12905.99	19358.98	2	2	1	2	3	0	0	0	0	0	0	3	11	1
610	1990	2n Cycle	Single	1440449908.9226446	0	1	01-01-2020	30	361.63	206.13	175.36	217.93	55.4	67.69	0	1	0	0	2	0	0	0	0	0	0	3	11	0
611	1990	Master	Single	0.0	0	0	01-01-2020	30	17335.42	5778.47	11556.95	8667.71	5778.47	8667.71	1	2	1	1	4	0	0	0	0	0	0	3	11	1
612	1990	Master	Single	4012255.519173719	0	0	01-01-2020	30	7130.16	2376.72	4753.44	3565.08	2376.72	3565.08	1	1	0	1	1	0	0	0	0	0	0	3	11	1
613	1990	Master	Single	0.0	0	5	01-01-2020	30	30.12	0.0	34.56	13.76	15.97	19.12	0	1	0	0	2	0	0	0	0	0	0	3	11	0
614	1990	Master	Married	0.0	1	0	01-01-2020	30	35105.84	11701.95	23403.89	17552.92	11701.95	17552.92	2	1	0	2	1	0	0	0	0	0	0	3	11	1
615	1990	Master	Single	2226584.867902235	1	2	01-01-2020	30	11.88	4.32	18.61	9.76	0.57	3.16	0	1	0	0	2	0	0	0	0	0	0	3	11	0
616	1990	Master	Single	6054138.845736049	0	0	01-01-2020	30	41284.86	13761.62	27523.24	20642.43	13761.62	20642.43	3	2	1	3	1	0	0	0	0	0	0	3	11	1
617	1990	Master	Single	0.0	0	0	01-01-2020	30	33.78	7.69	26.22	12.48	10.25	17.9	0	1	0	0	3	0	0	0	0	0	0	3	11	0
618	1990	Master	Single	0.0	0	0	01-01-2020	30	14.88	13.68	24.89	14.02	11.69	12.24	0	2	1	0	4	0	0	0	0	0	0	3	11	0
619	1990	Master	Single	0.0	0	0	01-01-2020	30	44908.02	14969.34	29938.68	22454.01	14969.34	22454.01	2	1	0	2	1	0	0	0	0	0	0	3	11	1
620	1990	Master	Married	100516400.47062482	0	0	01-01-2020	30	161.55	63.7	68.65	72.81	26.92	97.55	0	2	1	0	4	0	0	0	0	0	0	3	11	0
621	1990	Master	Single	608610759.9841928	0	0	01-01-2020	30	66485.36	22161.79	44323.57	33242.68	22161.79	33242.68	1	2	1	1	4	0	0	0	0	0	0	3	11	1
622	1990	Master	Married	4643771.445728926	1	0	01-01-2020	30	13.87	6.9	0.48	5.33	5.12	12.52	0	2	1	0	4	0	0	0	0	0	0	3	11	0
623	1990	Master	Single	0.0	0	2	01-01-2020	30	47885.74	15961.91	31923.83	23942.87	15961.91	23942.87	2	2	1	2	3	0	0	0	0	0	0	3	11	1
624	1990	Master	Single	1241807722.835957	0	0	01-01-2020	30	433.14	18.24	190.31	200.1	74.84	63.42	0	0	0	0	1	0	0	0	0	0	0	3	11	0
625	1990	Master	Single	0.0	0	0	01-01-2020	30	14.95	20.07	26.76	22.94	14.3	9.15	0	1	0	0	3	0	0	0	0	0	0	3	11	0
626	1990	Master	Single	0.0	0	5	01-01-2020	30	21527.12	7175.71	14351.42	10763.56	7175.71	10763.56	1	0	0	1	0	0	0	0	0	0	0	3	11	1
627	1990	Master	Single	0.0	0	0	01-01-2020	30	31.87	11.83	18.42	11.14	15.46	21.25	0	0	0	0	1	0	0	0	0	0	0	3	11	0
628	1990	Basic	Single	454289438.36637473	0	0	01-01-2020	30	337.65	137.38	77.67	93.95	35.02	101.35	0	1	0	0	2	0	0	0	0	0	0	3	11	0
629	1990	Master	Single	0.0	0	0	01-01-2020	30	41684.32	13894.77	27789.55	20842.16	13894.77	20842.16	2	1	0	2	1	0	0	0	0	0	0	3	11	1
630	1990	Master	Single	1545615434.6268964	0	0	01-01-2020	30	53379.52	17793.17	35586.34	26689.76	17793.17	26689.76	1	1	0	1	1	0	0	0	0	0	0	3	11	1
631	1990	Master	Single	115116734.27850875	0	0	01-01-2020	30	95179.46	31726.49	63452.97	47589.73	31726.49	47589.73	2	2	1	2	2	0	0	0	0	0	0	3	11	1
632	1990	Master	Single	5343799.154447309	0	0	01-01-2020	30	14727.9	4909.3	9818.6	7363.95	4909.3	7363.95	1	1	0	1	2	0	0	0	0	0	0	3	11	1
633	1990	Master	Single	192601.16833547456	0	0	01-01-2020	30	35029.83	11676.61	23353.22	17514.92	11676.61	17514.92	2	2	1	2	2	0	0	0	0	0	0	3	11	1
634	1990	2n Cycle	Single	0.0	0	5	01-01-2020	30	35852.94	11950.98	23901.96	17926.47	11950.98	17926.47	2	1	0	2	0	0	0	0	0	0	0	3	11	1
635	1990	Master	Single	0.0	0	0	01-01-2020	30	34317.21	11439.07	22878.14	17158.6	11439.07	17158.6	1	1	0	1	2	0	0	0	0	0	0	3	11	1
636	1990	Master	Single	68477644.79272784	0	0	01-01-2020	30	45.75	28.0	43.43	29.31	24.47	33.02	0	1	0	0	2	0	0	0	0	0	0	3	11	0
637	1990	Master	Single	14273309.283792796	1	2	01-01-2020	30	35927.28	11975.76	23951.52	17963.64	11975.76	17963.64	2	4	2	2	6	0	0	0	0	0	0	3	11	1
638	1990	2n Cycle	Single	773338923.2102244	0	0	01-01-2020	30	43908.06	14636.02	29272.04	21954.03	14636.02	21954.03	1	0	0	1	0	0	0	0	0	0	0	3	11	1
639	1990	Master	Single	1177229123.2644682	0	2	01-01-2020	30	117887.15	39295.72	78591.43	58943.58	39295.72	58943.58	2	1	0	2	1	0	0	0	0	0	0	3	11	1
640	1990	Master	Single	0.0	1	0	01-01-2020	30	35.28	5.96	3.89	12.38	5.56	3.82	0	1	0	0	3	0	0	0	0	0	0	3	11	0
641	1990	Master	Single	842573941.8363185	0	2	01-01-2020	30	132931.68	44310.56	88621.12	66465.84	44310.56	66465.84	2	1	0	2	0	0	0	0	0	0	0	3	11	1
642	1990	Master	Single	44023354.11466031	0	1	01-01-2020	30	37713.13	12571.04	25142.08	18856.56	12571.04	18856.56	2	2	1	2	2	0	0	0	0	0	0	3	11	1
643	1990	Master	Single	2927622.515742356	0	0	01-01-2020	30	10.61	0.0	14.61	8.19	4.59	14.7	0	1	0	0	2	0	0	0	0	0	0	3	11	0
644	1990	Master	Single	5280776.229963226	0	0	01-01-2020	30	12.86	0.26	14.33	11.54	5.71	8.87	0	2	1	0	4	0	0	0	0	0	0	3	11	0
645	1990	Master	Single	8042976.134780904	1	0	01-01-2020	30	6.76	4.65	10.15	10.96	4.39	0.0	0	1	0	0	2	0	0	0	0	0	0	3	11	0
646	1990	Master	Single	0.0	0	0	01-01-2020	30	28.94	6.2	25.41	18.49	18.6	0.0	0	1	0	0	3	0	0	0	0	0	0	3	11	0
647	1990	Master	Single	5799906.530149789	5	0	01-01-2020	30	12.52	3.66	17.37	9.59	6.32	5.71	0	2	1	0	4	0	0	0	0	0	0	3	11	0
648	1990	Master	Single	111694352.28360468	0	0	01-01-2020	30	155224.03	51741.34	103482.69	77612.02	51741.34	77612.02	3	2	1	3	2	0	0	0	0	0	0	3	11	1
649	1990	Master	Single	109703655.1324171	0	0	01-01-2020	30	114.74	57.81	140.35	96.02	81.45	84.17	0	3	1	0	6	0	0	0	0	0	0	3	11	0
650	1990	Master	Single	0.0	0	0	01-01-2020	30	25820.72	8606.91	17213.81	12910.36	8606.91	12910.36	1	1	0	1	2	0	0	0	0	0	0	3	11	1
651	1990	Master	Single	898887871.9349148	0	0	01-01-2020	30	471.38	103.05	302.64	116.75	96.07	0.0	0	1	0	0	2	0	0	0	0	0	0	3	11	0
652	1990	Master	Single	47881906.360736385	0	0	01-01-2020	30	75.19	27.17	33.04	35.03	42.05	26.09	0	1	0	0	3	0	0	0	0	0	0	3	11	0
653	1990	Master	Single	0.0	0	0	01-01-2020	30	28.24	9.0	20.77	14.23	12.4	16.87	0	0	0	0	1	0	0	0	0	0	0	3	11	0
654	1990	Master	Single	1552880.067978575	0	1	01-01-2020	30	46400.91	15466.97	30933.94	23200.46	15466.97	23200.46	2	1	0	2	1	0	0	0	0	0	0	3	11	1
655	1990	Master	Single	2034003689.904884	0	5	01-01-2020	30	61024.29	20341.43	40682.86	30512.14	20341.43	30512.14	1	1	0	1	2	0	0	0	0	0	0	3	11	1
656	1990	Master	Single	3955607.0014407206	0	0	01-01-2020	30	28801.63	9600.54	19201.09	14400.81	9600.54	14400.81	2	1	0	2	0	0	0	0	0	0	0	3	11	1
657	1990	Master	Single	1539486388.0340097	0	0	01-01-2020	30	75353.83	25117.94	50235.89	37676.92	25117.94	37676.92	1	1	0	1	1	0	0	0	0	0	0	3	11	1
658	1990	Master	Single	1953470330.965593	0	0	01-01-2020	30	227.1	177.59	0.0	169.39	130.05	76.96	0	0	0	0	1	0	0	0	0	0	0	3	11	0
659	1990	Basic	Single	1672616734.7918365	0	0	01-01-2020	30	434.91	127.22	149.37	203.36	90.6	236.91	0	1	0	0	3	0	0	0	0	0	0	3	11	0
660	1990	Master	Single	545279582.5331461	0	0	01-01-2020	30	303368.63	101122.88	202245.76	151684.32	101122.88	151684.32	4	3	1	4	3	0	0	0	0	0	0	3	11	1
661	1990	Master	Single	0.0	0	0	01-01-2020	30	14971.35	4990.45	9980.9	7485.67	4990.45	7485.67	1	1	0	1	2	0	0	0	0	0	0	3	11	1
662	1990	Master	Single	53002917.93584522	5	0	01-01-2020	30	34965.19	11655.06	23310.13	17482.59	11655.06	17482.59	1	1	0	1	1	0	0	0	0	0	0	3	11	1
663	1990	Master	Single	0.0	0	0	01-01-2020	30	22937.24	7645.75	15291.5	11468.62	7645.75	11468.62	1	0	0	1	0	0	0	0	0	0	0	3	11	1
664	1990	Master	Single	5293335.090103102	1	0	01-01-2020	30	33273.16	11091.06	22182.11	16636.58	11091.06	16636.58	2	2	1	2	2	0	0	0	0	0	0	3	11	1
665	1990	Master	Single	12598334.932599545	0	0	01-01-2020	30	6.76	3.76	11.1	8.16	5.57	4.57	0	2	1	0	4	0	0	0	0	0	0	3	11	0
666	1990	Master	Single	1545269255.6787145	0	0	01-01-2020	30	31127.12	10375.71	20751.41	15563.56	10375.71	15563.56	1	2	1	1	4	0	0	0	0	0	0	3	11	1
667	1990	Master	Single	2101852934.1463385	0	0	01-01-2020	30	68618.23	22872.74	45745.49	34309.12	22872.74	34309.12	1	1	0	1	2	0	0	0	0	0	0	3	11	1
668	1990	Master	Single	2186635772.2345934	0	0	01-01-2020	30	29475.53	9825.18	19650.35	14737.77	9825.18	14737.77	1	1	0	1	1	0	0	0	0	0	0	3	11	1
669	1990	Basic	Single	0.0	0	0	01-01-2020	30	18.1	9.12	31.75	18.49	7.08	5.99	0	0	0	0	1	0	0	0	0	0	0	3	11	0
670	1990	Master	Single	7774436.42475521	0	0	01-01-2020	30	16824.6	5608.2	11216.4	8412.3	5608.2	8412.3	1	2	1	1	3	0	0	0	0	0	0	3	11	1
671	1990	Master	Single	0.0	0	0	01-01-2020	30	24091.11	8030.37	16060.74	12045.55	8030.37	12045.55	1	1	0	1	2	0	0	0	0	0	0	3	11	1
672	1990	Master	Single	0.0	0	0	01-01-2020	30	29185.0	9728.33	19456.67	14592.5	9728.33	14592.5	1	1	0	1	1	0	0	0	0	0	0	3	11	1
673	1990	Master	Single	652763.1505911229	0	0	01-01-2020	30	16.3	1.43	17.22	7.36	6.55	16.43	0	1	0	0	2	0	0	0	0	0	0	3	11	0
674	1990	Master	Single	804209081.8514619	0	0	01-01-2020	30	127907.35	42635.78	85271.57	63953.68	42635.78	63953.68	2	1	0	2	0	0	0	0	0	0	0	3	11	1
675	1990	Master	Single	1287464.061701581	0	0	01-01-2020	30	18137.36	6045.79	12091.57	9068.68	6045.79	9068.68	1	1	0	1	1	0	0	0	0	0	0	3	11	1
676	1990	Master	Single	0.0	5	0	01-01-2020	30	27158.71	9052.9	18105.8	13579.35	9052.9	13579.35	1	1	0	1	2	0	0	0	0	0	0	3	11	1
677	1990	Master	Single	0.0	0	0	01-01-2020	30	20005.32	6668.44	13336.88	10002.66	6668.44	10002.66	1	1	0	1	2	0	0	0	0	0	0	3	11	1
678	1990	Master	Single	0.0	0	0	01-01-2020	30	24.55	15.68	23.01	22.49	14.17	7.64	0	1	0	0	2	0	0	0	0	0	0	3	11	0
679	1990	Master	Single	4834241.6167289205	0	2	01-01-2020	30	13454.77	4484.92	8969.85	6727.38	4484.92	6727.38	1	2	1	1	3	0	0	0	0	0	0	3	11	1
680	1990	Master	Single	42544292.72037108	0	0	01-01-2020	30	29.2	21.76	40.25	46.1	18.46	55.62	0	1	0	0	2	0	0	0	0	0	0	3	11	0
681	1990	Master	Single	1014578709.3713388	0	0	01-01-2020	30	210.04	173.84	206.63	184.36	0.0	230.1	0	1	0	0	3	0	0	0	0	0	0	3	11	0
682	1990	Master	Single	1326982975.8737347	0	0	01-01-2020	30	118950.14	39650.05	79300.09	59475.07	39650.05	59475.07	2	1	0	2	1	0	0	0	0	0	0	3	11	1
683	1990	Master	Single	3048965.070520811	1	0	01-01-2020	30	16.75	5.06	21.05	4.74	2.82	11.18	0	1	0	0	2	0	0	0	0	0	0	3	11	0
684	1990	Graduation	Single	339831392.6784642	0	0	01-01-2020	30	224292.64	74764.21	149528.43	112146.32	74764.21	112146.32	4	2	1	4	1	0	0	0	0	0	0	3	11	1
685	1990	Master	Single	982711167.308265	0	2	01-01-2020	30	102965.52	34321.84	68643.68	51482.76	34321.84	51482.76	2	2	1	2	2	0	0	0	0	0	0	3	11	1
686	1990	Master	Single	0.0	0	0	01-01-2020	30	30.06	18.58	17.29	19.45	6.21	19.05	0	1	0	0	2	0	0	0	0	0	0	3	11	0
687	1990	Master	Single	0.0	0	0	01-01-2020	30	28431.75	9477.25	18954.5	14215.88	9477.25	14215.88	1	1	0	1	1	0	0	0	0	0	0	3	11	1
